County;Population
Autauga, Alabama;55869,00
Baldwin, Alabama;223234,00
Barbour, Alabama;24686,00
Bibb, Alabama;22394,00
Blount, Alabama;57826,00
Bullock, Alabama;10101,00
Butler, Alabama;19448,00
Calhoun, Alabama;113605,00
Chambers, Alabama;33254,00
Cherokee, Alabama;26196,00
Chilton, Alabama;44428,00
Choctaw, Alabama;12589,00
Clarke, Alabama;23622,00
Clay, Alabama;13235,00
Cleburne, Alabama;14910,00
Coffee, Alabama;52342,00
Colbert, Alabama;55241,00
Conecuh, Alabama;12067,00
Coosa, Alabama;10663,00
Covington, Alabama;37049,00
Crenshaw, Alabama;13772,00
Cullman, Alabama;83768,00
Dale, Alabama;49172,00
Dallas, Alabama;37196,00
DeKalb, Alabama;71513,00
Elmore, Alabama;81209,00
Escambia, Alabama;36633,00
Etowah, Alabama;102268,00
Fayette, Alabama;16302,00
Franklin, Alabama;31362,00
Geneva, Alabama;26271,00
Greene, Alabama;8111,00
Hale, Alabama;14651,00
Henry, Alabama;17205,00
Houston, Alabama;105882,00
Jackson, Alabama;51626,00
Jefferson, Alabama;658573,00
Lamar, Alabama;13805,00
Lauderdale, Alabama;92729,00
Lawrence, Alabama;32924,00
Lee, Alabama;164542,00
Limestone, Alabama;98915,00
Lowndes, Alabama;9726,00
Macon, Alabama;18068,00
Madison, Alabama;372909,00
Marengo, Alabama;18863,00
Marion, Alabama;29709,00
Marshall, Alabama;96774,00
Mobile, Alabama;413210,00
Monroe, Alabama;20733,00
Montgomery, Alabama;226486,00
Morgan, Alabama;119679,00
Perry, Alabama;8923,00
Pickens, Alabama;19930,00
Pike, Alabama;33114,00
Randolph, Alabama;22722,00
Russell, Alabama;57961,00
St Clair, Alabama;89512,00
Shelby, Alabama;217702,00
Sumter, Alabama;12427,00
Talladega, Alabama;79978,00
Tallapoosa, Alabama;40367,00
Tuscaloosa, Alabama;209355,00
Walker, Alabama;63521,00
Washington, Alabama;16326,00
Wilcox, Alabama;10373,00
Winston, Alabama;23629,00
Aleutians East Borough, Alaska;3337,00
Aleutians West Census Area, Alaska;5634,00
Anchorage Municipality, Alaska;288000,00
Bethel Census Area, Alaska;18386,00
Bristol Bay Borough, Alaska;836,00
Denali Borough, Alaska;2097,00
Dillingham Census Area, Alaska;4916,00
Fairbanks North Star Borough, Alaska;96849,00
Haines Borough, Alaska;2530,00
Hoonah-Angoon Census Area, Alaska;2148,00
Juneau City and Borough, Alaska;31974,00
Kenai Peninsula Borough, Alaska;58708,00
Ketchikan Gateway Borough, Alaska;13901,00
Kodiak Island Borough, Alaska;12998,00
Kusilvak Census Area, Alaska;8314,00
Lake and Peninsula Borough, Alaska;1592,00
Matanuska-Susitna Borough, Alaska;108317,00
Nome Census Area, Alaska;10004,00
North Slope Borough, Alaska;9832,00
Northwest Arctic Borough, Alaska;7621,00
Petersburg Borough, Alaska;3266,00
Prince of Wales-Hyder Census Area, Alaska;6203,00
Sitka City and Borough, Alaska;8493,00
Skagway Municipality, Alaska;1183,00
Southeast Fairbanks Census Area, Alaska;6893,00
Valdez-Cordova Census Area, Alaska;9202,00
Wrangell City and Borough, Alaska;2502,00
Yakutat City and Borough, Alaska;579,00
Yukon-Koyukuk Census Area, Alaska;5230,00
Apache, Arizona;71887,00
Cochise, Arizona;125922,00
Coconino, Arizona;143476,00
Gila, Arizona;54018,00
Graham, Arizona;38837,00
Greenlee, Arizona;9498,00
La Paz, Arizona;21108,00
Maricopa, Arizona;4485414,00
Mohave, Arizona;212181,00
Navajo, Arizona;110924,00
Pima, Arizona;1047279,00
Pinal, Arizona;462789,00
Santa Cruz, Arizona;46498,00
Yavapai, Arizona;235099,00
Yuma, Arizona;213787,00
Arkansas, Arkansas;17486,00
Ashley, Arkansas;19657,00
Baxter, Arkansas;41932,00
Benton, Arkansas;279141,00
Boone, Arkansas;37432,00
Bradley, Arkansas;10763,00
Calhoun, Arkansas;5189,00
Carroll, Arkansas;28380,00
Chicot, Arkansas;10118,00
Clark, Arkansas;22320,00
Clay, Arkansas;14551,00
Cleburne, Arkansas;24919,00
Cleveland, Arkansas;7956,00
Columbia, Arkansas;23457,00
Conway, Arkansas;20846,00
Craighead, Arkansas;110332,00
Crawford, Arkansas;63257,00
Crittenden, Arkansas;47955,00
Cross, Arkansas;16419,00
Dallas, Arkansas;7009,00
Desha, Arkansas;11361,00
Drew, Arkansas;18219,00
Faulkner, Arkansas;126007,00
Franklin, Arkansas;17715,00
Fulton, Arkansas;12477,00
Garland, Arkansas;99386,00
Grant, Arkansas;18265,00
Greene, Arkansas;45325,00
Hempstead, Arkansas;21532,00
Hot Spring, Arkansas;33771,00
Howard, Arkansas;13202,00
Independence, Arkansas;37825,00
Izard, Arkansas;13629,00
Jackson, Arkansas;16719,00
Jefferson, Arkansas;66824,00
Johnson, Arkansas;26578,00
Lafayette, Arkansas;6624,00
Lawrence, Arkansas;16406,00
Lee, Arkansas;8857,00
Lincoln, Arkansas;13024,00
Little River, Arkansas;12259,00
Logan, Arkansas;21466,00
Lonoke, Arkansas;73309,00
Madison, Arkansas;16576,00
Marion, Arkansas;16694,00
Miller, Arkansas;43257,00
Mississippi, Arkansas;40651,00
Monroe, Arkansas;6701,00
Montgomery, Arkansas;8986,00
Nevada, Arkansas;8252,00
Newton, Arkansas;7753,00
Ouachita, Arkansas;23382,00
Perry, Arkansas;10455,00
Phillips, Arkansas;17782,00
Pike, Arkansas;10718,00
Poinsett, Arkansas;23528,00
Polk, Arkansas;19964,00
Pope, Arkansas;64072,00
Prairie, Arkansas;8062,00
Pulaski, Arkansas;391911,00
Randolph, Arkansas;17958,00
St Francis, Arkansas;24994,00
Saline, Arkansas;122437,00
Scott, Arkansas;10281,00
Searcy, Arkansas;7881,00
Sebastian, Arkansas;127827,00
Sevier, Arkansas;17007,00
Sharp, Arkansas;17442,00
Stone, Arkansas;12506,00
Union, Arkansas;38682,00
Van Buren, Arkansas;16545,00
Washington, Arkansas;239187,00
White, Arkansas;78753,00
Woodruff, Arkansas;6320,00
Yell, Arkansas;21341,00
Alameda, California;1671329,00
Alpine, California;1129,00
Amador, California;39752,00
Butte, California;219186,00
Calaveras, California;45905,00
Colusa, California;21547,00
Contra Costa, California;1153526,00
Del Norte, California;27812,00
El Dorado, California;192843,00
Fresno, California;999101,00
Glenn, California;28393,00
Humboldt, California;135558,00
Imperial, California;181215,00
Inyo, California;18039,00
Kern, California;900202,00
Kings, California;152940,00
Lake, California;64386,00
Lassen, California;30573,00
Los Angeles, California;10039107,00
Madera, California;157327,00
Marin, California;258826,00
Mariposa, California;17203,00
Mendocino, California;86749,00
Merced, California;277680,00
Modoc, California;8841,00
Mono, California;14444,00
Monterey, California;434061,00
Napa, California;137744,00
Nevada, California;99755,00
Orange, California;3175692,00
Placer, California;398329,00
Plumas, California;18807,00
Riverside, California;2470546,00
Sacramento, California;1552058,00
San Benito, California;62808,00
San Bernardino, California;2180085,00
San Diego, California;3338330,00
San Francisco, California;881549,00
San Joaquin, California;762148,00
San Luis Obispo, California;283111,00
San Mateo, California;766573,00
Santa Barbara, California;446499,00
Santa Clara, California;1927852,00
Santa Cruz, California;273213,00
Shasta, California;180080,00
Sierra, California;3005,00
Siskiyou, California;43539,00
Solano, California;447643,00
Sonoma, California;494336,00
Stanislaus, California;550660,00
Sutter, California;96971,00
Tehama, California;65084,00
Trinity, California;12285,00
Tulare, California;466195,00
Tuolumne, California;54478,00
Ventura, California;846006,00
Yolo, California;220500,00
Yuba, California;78668,00
Adams, Colorado;517421,00
Alamosa, Colorado;16233,00
Arapahoe, Colorado;656590,00
Archuleta, Colorado;14029,00
Baca, Colorado;3581,00
Bent, Colorado;5577,00
Boulder, Colorado;326196,00
Broomfield, Colorado;70465,00
Chaffee, Colorado;20356,00
Cheyenne, Colorado;1831,00
Clear Creek, Colorado;9700,00
Conejos, Colorado;8205,00
Costilla, Colorado;3887,00
Crowley, Colorado;6061,00
Custer, Colorado;5068,00
Delta, Colorado;31162,00
Denver, Colorado;727211,00
Dolores, Colorado;2055,00
Douglas, Colorado;351154,00
Eagle, Colorado;55127,00
Elbert, Colorado;26729,00
El Paso, Colorado;720403,00
Fremont, Colorado;47839,00
Garfield, Colorado;60061,00
Gilpin, Colorado;6243,00
Grand, Colorado;15734,00
Gunnison, Colorado;17462,00
Hinsdale, Colorado;820,00
Huerfano, Colorado;6897,00
Jackson, Colorado;1392,00
Jefferson, Colorado;582881,00
Kiowa, Colorado;1406,00
Kit Carson, Colorado;7097,00
Lake, Colorado;8127,00
La Plata, Colorado;56221,00
Larimer, Colorado;356899,00
Las Animas, Colorado;14506,00
Lincoln, Colorado;5701,00
Logan, Colorado;22409,00
Mesa, Colorado;154210,00
Mineral, Colorado;769,00
Moffat, Colorado;13283,00
Montezuma, Colorado;26183,00
Montrose, Colorado;42758,00
Morgan, Colorado;29068,00
Otero, Colorado;18278,00
Ouray, Colorado;4952,00
Park, Colorado;18845,00
Phillips, Colorado;4265,00
Pitkin, Colorado;17767,00
Prowers, Colorado;12172,00
Pueblo, Colorado;168424,00
Rio Blanco, Colorado;6324,00
Rio Grande, Colorado;11267,00
Routt, Colorado;25638,00
Saguache, Colorado;6824,00
San Juan, Colorado;728,00
San Miguel, Colorado;8179,00
Sedgwick, Colorado;2248,00
Summit, Colorado;31011,00
Teller, Colorado;25388,00
Washington, Colorado;4908,00
Weld, Colorado;324492,00
Yuma, Colorado;10019,00
Fairfield, Connecticut;943332,00
Hartford, Connecticut;891720,00
Litchfield, Connecticut;180333,00
Middlesex, Connecticut;162436,00
New Haven, Connecticut;854757,00
New London, Connecticut;265206,00
Tolland, Connecticut;150721,00
Windham, Connecticut;116782,00
Kent, Delaware;180786,00
New Castle, Delaware;558753,00
Sussex, Delaware;234225,00
District of Columbia, District of Columbia;705749,00
Alachua, Florida;269043,00
Baker, Florida;29210,00
Bay, Florida;174705,00
Bradford, Florida;28201,00
Brevard, Florida;601942,00
Broward, Florida;1952778,00
Calhoun, Florida;14105,00
Charlotte, Florida;188910,00
Citrus, Florida;149657,00
Clay, Florida;219252,00
Collier, Florida;384902,00
Columbia, Florida;71686,00
DeSoto, Florida;38001,00
Dixie, Florida;16826,00
Duval, Florida;957755,00
Escambia, Florida;318316,00
Flagler, Florida;115081,00
Franklin, Florida;12125,00
Gadsden, Florida;45660,00
Gilchrist, Florida;18582,00
Glades, Florida;13811,00
Gulf, Florida;13639,00
Hamilton, Florida;14428,00
Hardee, Florida;26937,00
Hendry, Florida;42022,00
Hernando, Florida;193920,00
Highlands, Florida;106221,00
Hillsborough, Florida;1471968,00
Holmes, Florida;19617,00
Indian River, Florida;159923,00
Jackson, Florida;46414,00
Jefferson, Florida;14246,00
Lafayette, Florida;8422,00
Lake, Florida;367118,00
Lee, Florida;770577,00
Leon, Florida;293582,00
Levy, Florida;41503,00
Liberty, Florida;8354,00
Madison, Florida;18493,00
Manatee, Florida;403253,00
Marion, Florida;365579,00
Martin, Florida;161000,00
Miami-Dade, Florida;2716940,00
Monroe, Florida;74228,00
Nassau, Florida;88625,00
Okaloosa, Florida;210738,00
Okeechobee, Florida;42168,00
Orange, Florida;1393452,00
Osceola, Florida;375751,00
Palm Beach, Florida;1496770,00
Pasco, Florida;553947,00
Pinellas, Florida;974996,00
Polk, Florida;724777,00
Putnam, Florida;74521,00
St Johns, Florida;264672,00
St Lucie, Florida;328297,00
Santa Rosa, Florida;184313,00
Sarasota, Florida;433742,00
Seminole, Florida;471826,00
Sumter, Florida;132420,00
Suwannee, Florida;44417,00
Taylor, Florida;21569,00
Union, Florida;15237,00
Volusia, Florida;553284,00
Wakulla, Florida;33739,00
Walton, Florida;74071,00
Washington, Florida;25473,00
Appling, Georgia;18386,00
Atkinson, Georgia;8165,00
Bacon, Georgia;11164,00
Baker, Georgia;3038,00
Baldwin, Georgia;44890,00
Banks, Georgia;19234,00
Barrow, Georgia;83240,00
Bartow, Georgia;107738,00
Ben Hill, Georgia;16700,00
Berrien, Georgia;19397,00
Bibb, Georgia;153159,00
Bleckley, Georgia;12873,00
Brantley, Georgia;19109,00
Brooks, Georgia;15457,00
Bryan, Georgia;39627,00
Bulloch, Georgia;79608,00
Burke, Georgia;22383,00
Butts, Georgia;24936,00
Calhoun, Georgia;6189,00
Camden, Georgia;54666,00
Candler, Georgia;10803,00
Carroll, Georgia;119992,00
Catoosa, Georgia;67580,00
Charlton, Georgia;13392,00
Chatham, Georgia;289430,00
Chattahoochee, Georgia;10907,00
Chattooga, Georgia;24789,00
Cherokee, Georgia;258773,00
Clarke, Georgia;128331,00
Clay, Georgia;2834,00
Clayton, Georgia;292256,00
Clinch, Georgia;6618,00
Cobb, Georgia;760141,00
Coffee, Georgia;43273,00
Colquitt, Georgia;45600,00
Columbia, Georgia;156714,00
Cook, Georgia;17270,00
Coweta, Georgia;148509,00
Crawford, Georgia;12404,00
Crisp, Georgia;22372,00
Dade, Georgia;16116,00
Dawson, Georgia;26108,00
Decatur, Georgia;26404,00
DeKalb, Georgia;759297,00
Dodge, Georgia;20605,00
Dooly, Georgia;13390,00
Dougherty, Georgia;87956,00
Douglas, Georgia;146343,00
Early, Georgia;10190,00
Echols, Georgia;4006,00
Effingham, Georgia;64296,00
Elbert, Georgia;19194,00
Emanuel, Georgia;22646,00
Evans, Georgia;10654,00
Fannin, Georgia;26188,00
Fayette, Georgia;114421,00
Floyd, Georgia;98498,00
Forsyth, Georgia;244252,00
Franklin, Georgia;23349,00
Fulton, Georgia;1063937,00
Gilmer, Georgia;31369,00
Glascock, Georgia;2971,00
Glynn, Georgia;85292,00
Gordon, Georgia;57963,00
Grady, Georgia;24633,00
Greene, Georgia;18324,00
Gwinnett, Georgia;936250,00
Habersham, Georgia;45328,00
Hall, Georgia;204441,00
Hancock, Georgia;8457,00
Haralson, Georgia;29792,00
Harris, Georgia;35236,00
Hart, Georgia;26205,00
Heard, Georgia;11923,00
Henry, Georgia;234561,00
Houston, Georgia;157863,00
Irwin, Georgia;9416,00
Jackson, Georgia;72977,00
Jasper, Georgia;14219,00
Jeff Davis, Georgia;15115,00
Jefferson, Georgia;15362,00
Jenkins, Georgia;8676,00
Johnson, Georgia;9643,00
Jones, Georgia;28735,00
Lamar, Georgia;19077,00
Lanier, Georgia;10423,00
Laurens, Georgia;47546,00
Lee, Georgia;29992,00
Liberty, Georgia;61435,00
Lincoln, Georgia;7921,00
Long, Georgia;19559,00
Lowndes, Georgia;117406,00
Lumpkin, Georgia;33610,00
McDuffie, Georgia;21312,00
McIntosh, Georgia;14378,00
Macon, Georgia;12947,00
Madison, Georgia;29880,00
Marion, Georgia;8359,00
Meriwether, Georgia;21167,00
Miller, Georgia;5718,00
Mitchell, Georgia;21863,00
Monroe, Georgia;27578,00
Montgomery, Georgia;9172,00
Morgan, Georgia;19276,00
Murray, Georgia;40096,00
Muscogee, Georgia;195769,00
Newton, Georgia;111744,00
Oconee, Georgia;40280,00
Oglethorpe, Georgia;15259,00
Paulding, Georgia;168667,00
Peach, Georgia;27546,00
Pickens, Georgia;32591,00
Pierce, Georgia;19465,00
Pike, Georgia;18962,00
Polk, Georgia;42613,00
Pulaski, Georgia;11137,00
Putnam, Georgia;22119,00
Quitman, Georgia;2299,00
Rabun, Georgia;17137,00
Randolph, Georgia;6778,00
Richmond, Georgia;202518,00
Rockdale, Georgia;90896,00
Schley, Georgia;5257,00
Screven, Georgia;13966,00
Seminole, Georgia;8090,00
Spalding, Georgia;66703,00
Stephens, Georgia;25925,00
Stewart, Georgia;6621,00
Sumter, Georgia;29524,00
Talbot, Georgia;6195,00
Taliaferro, Georgia;1537,00
Tattnall, Georgia;25286,00
Taylor, Georgia;8020,00
Telfair, Georgia;15860,00
Terrell, Georgia;8531,00
Thomas, Georgia;44451,00
Tift, Georgia;40644,00
Toombs, Georgia;26830,00
Towns, Georgia;12037,00
Treutlen, Georgia;6901,00
Troup, Georgia;69922,00
Turner, Georgia;7985,00
Twiggs, Georgia;8120,00
Union, Georgia;24511,00
Upson, Georgia;26320,00
Walker, Georgia;69761,00
Walton, Georgia;94593,00
Ware, Georgia;35734,00
Warren, Georgia;5254,00
Washington, Georgia;20374,00
Wayne, Georgia;29927,00
Webster, Georgia;2607,00
Wheeler, Georgia;7855,00
White, Georgia;30798,00
Whitfield, Georgia;104628,00
Wilcox, Georgia;8635,00
Wilkes, Georgia;9777,00
Wilkinson, Georgia;8954,00
Worth, Georgia;20247,00
Hawaii, Hawaii;201513,00
Honolulu, Hawaii;974563,00
Kalawao, Hawaii;86,00
Kauai, Hawaii;72293,00
Maui, Hawaii;167417,00
Ada, Idaho;481587,00
Adams, Idaho;4294,00
Bannock, Idaho;87808,00
Bear Lake, Idaho;6125,00
Benewah, Idaho;9298,00
Bingham, Idaho;46811,00
Blaine, Idaho;23021,00
Boise, Idaho;7831,00
Bonner, Idaho;45739,00
Bonneville, Idaho;119062,00
Boundary, Idaho;12245,00
Butte, Idaho;2597,00
Camas, Idaho;1106,00
Canyon, Idaho;229849,00
Caribou, Idaho;7155,00
Cassia, Idaho;24030,00
Clark, Idaho;845,00
Clearwater, Idaho;8756,00
Custer, Idaho;4315,00
Elmore, Idaho;27511,00
Franklin, Idaho;13876,00
Fremont, Idaho;13099,00
Gem, Idaho;18112,00
Gooding, Idaho;15179,00
Idaho, Idaho;16667,00
Jefferson, Idaho;29871,00
Jerome, Idaho;24412,00
Kootenai, Idaho;165697,00
Latah, Idaho;40108,00
Lemhi, Idaho;8027,00
Lewis, Idaho;3838,00
Lincoln, Idaho;5366,00
Madison, Idaho;39907,00
Minidoka, Idaho;21039,00
Nez Perce, Idaho;40408,00
Oneida, Idaho;4531,00
Owyhee, Idaho;11823,00
Payette, Idaho;23951,00
Power, Idaho;7681,00
Shoshone, Idaho;12882,00
Teton, Idaho;12142,00
Twin Falls, Idaho;86878,00
Valley, Idaho;11392,00
Washington, Idaho;10194,00
Adams, Illinois;65435,00
Alexander, Illinois;5761,00
Bond, Illinois;16426,00
Boone, Illinois;53544,00
Brown, Illinois;6578,00
Bureau, Illinois;32628,00
Calhoun, Illinois;4739,00
Carroll, Illinois;14305,00
Cass, Illinois;12147,00
Champaign, Illinois;209689,00
Christian, Illinois;32304,00
Clark, Illinois;15441,00
Clay, Illinois;13184,00
Clinton, Illinois;37562,00
Coles, Illinois;50621,00
Cook, Illinois;5150233,00
Crawford, Illinois;18667,00
Cumberland, Illinois;10766,00
DeKalb, Illinois;104897,00
De Witt, Illinois;15638,00
Douglas, Illinois;19465,00
DuPage, Illinois;922921,00
Edgar, Illinois;17161,00
Edwards, Illinois;6395,00
Effingham, Illinois;34008,00
Fayette, Illinois;21336,00
Ford, Illinois;12961,00
Franklin, Illinois;38469,00
Fulton, Illinois;34340,00
Gallatin, Illinois;4828,00
Greene, Illinois;12969,00
Grundy, Illinois;51054,00
Hamilton, Illinois;8116,00
Hancock, Illinois;17708,00
Hardin, Illinois;3821,00
Henderson, Illinois;6646,00
Henry, Illinois;48913,00
Iroquois, Illinois;27114,00
Jackson, Illinois;56750,00
Jasper, Illinois;9610,00
Jefferson, Illinois;37684,00
Jersey, Illinois;21773,00
Jo Daviess, Illinois;21235,00
Johnson, Illinois;12417,00
Kane, Illinois;532403,00
Kankakee, Illinois;109862,00
Kendall, Illinois;128990,00
Knox, Illinois;49699,00
Lake, Illinois;696535,00
LaSalle, Illinois;108669,00
Lawrence, Illinois;15678,00
Lee, Illinois;34096,00
Livingston, Illinois;35648,00
Logan, Illinois;28618,00
McDonough, Illinois;29682,00
McHenry, Illinois;307774,00
McLean, Illinois;171517,00
Macon, Illinois;104009,00
Macoupin, Illinois;44926,00
Madison, Illinois;262966,00
Marion, Illinois;37205,00
Marshall, Illinois;11438,00
Mason, Illinois;13359,00
Massac, Illinois;13772,00
Menard, Illinois;12196,00
Mercer, Illinois;15437,00
Monroe, Illinois;34637,00
Montgomery, Illinois;28414,00
Morgan, Illinois;33658,00
Moultrie, Illinois;14501,00
Ogle, Illinois;50643,00
Peoria, Illinois;179179,00
Perry, Illinois;20916,00
Piatt, Illinois;16344,00
Pike, Illinois;15561,00
Pope, Illinois;4177,00
Pulaski, Illinois;5335,00
Putnam, Illinois;5739,00
Randolph, Illinois;31782,00
Richland, Illinois;15513,00
Rock Island, Illinois;141879,00
St Clair, Illinois;259686,00
Saline, Illinois;23491,00
Sangamon, Illinois;194672,00
Schuyler, Illinois;6768,00
Scott, Illinois;4951,00
Shelby, Illinois;21634,00
Stark, Illinois;5342,00
Stephenson, Illinois;44498,00
Tazewell, Illinois;131803,00
Union, Illinois;16653,00
Vermilion, Illinois;75758,00
Wabash, Illinois;11520,00
Warren, Illinois;16844,00
Washington, Illinois;13887,00
Wayne, Illinois;16215,00
White, Illinois;13537,00
Whiteside, Illinois;55175,00
Will, Illinois;690743,00
Williamson, Illinois;66597,00
Winnebago, Illinois;282572,00
Woodford, Illinois;38459,00
Adams, Indiana;35777,00
Allen, Indiana;379299,00
Bartholomew, Indiana;83779,00
Benton, Indiana;8748,00
Blackford, Indiana;11758,00
Boone, Indiana;67843,00
Brown, Indiana;15092,00
Carroll, Indiana;20257,00
Cass, Indiana;37689,00
Clark, Indiana;118302,00
Clay, Indiana;26225,00
Clinton, Indiana;32399,00
Crawford, Indiana;10577,00
Daviess, Indiana;33351,00
Dearborn, Indiana;49458,00
Decatur, Indiana;26559,00
DeKalb, Indiana;43475,00
Delaware, Indiana;114135,00
Dubois, Indiana;42736,00
Elkhart, Indiana;206341,00
Fayette, Indiana;23102,00
Floyd, Indiana;78522,00
Fountain, Indiana;16346,00
Franklin, Indiana;22758,00
Fulton, Indiana;19974,00
Gibson, Indiana;33659,00
Grant, Indiana;65769,00
Greene, Indiana;31922,00
Hamilton, Indiana;338011,00
Hancock, Indiana;78168,00
Harrison, Indiana;40515,00
Hendricks, Indiana;170311,00
Henry, Indiana;47972,00
Howard, Indiana;82544,00
Huntington, Indiana;36520,00
Jackson, Indiana;44231,00
Jasper, Indiana;33562,00
Jay, Indiana;20436,00
Jefferson, Indiana;32308,00
Jennings, Indiana;27735,00
Johnson, Indiana;158167,00
Knox, Indiana;36594,00
Kosciusko, Indiana;79456,00
LaGrange, Indiana;39614,00
Lake, Indiana;485493,00
LaPorte, Indiana;109888,00
Lawrence, Indiana;45370,00
Madison, Indiana;129569,00
Marion, Indiana;964582,00
Marshall, Indiana;46258,00
Martin, Indiana;10255,00
Miami, Indiana;35516,00
Monroe, Indiana;148431,00
Montgomery, Indiana;38338,00
Morgan, Indiana;70489,00
Newton, Indiana;13984,00
Noble, Indiana;47744,00
Ohio, Indiana;5875,00
Orange, Indiana;19646,00
Owen, Indiana;20799,00
Parke, Indiana;16937,00
Perry, Indiana;19169,00
Pike, Indiana;12389,00
Porter, Indiana;170389,00
Posey, Indiana;25427,00
Pulaski, Indiana;12353,00
Putnam, Indiana;37576,00
Randolph, Indiana;24665,00
Ripley, Indiana;28324,00
Rush, Indiana;16581,00
St Joseph, Indiana;271826,00
Scott, Indiana;23873,00
Shelby, Indiana;44729,00
Spencer, Indiana;20277,00
Starke, Indiana;22995,00
Steuben, Indiana;34594,00
Sullivan, Indiana;20669,00
Switzerland, Indiana;10751,00
Tippecanoe, Indiana;195732,00
Tipton, Indiana;15148,00
Union, Indiana;7054,00
Vanderburgh, Indiana;181451,00
Vermillion, Indiana;15498,00
Vigo, Indiana;107038,00
Wabash, Indiana;30996,00
Warren, Indiana;8265,00
Warrick, Indiana;62998,00
Washington, Indiana;28036,00
Wayne, Indiana;65884,00
Wells, Indiana;28296,00
White, Indiana;24102,00
Whitley, Indiana;33964,00
Adair, Iowa;7152,00
Adams, Iowa;3602,00
Allamakee, Iowa;13687,00
Appanoose, Iowa;12426,00
Audubon, Iowa;5496,00
Benton, Iowa;25645,00
Black Hawk, Iowa;131228,00
Boone, Iowa;26234,00
Bremer, Iowa;25062,00
Buchanan, Iowa;21175,00
Buena Vista, Iowa;19620,00
Butler, Iowa;14439,00
Calhoun, Iowa;9668,00
Carroll, Iowa;20165,00
Cass, Iowa;12836,00
Cedar, Iowa;18627,00
Cerro Gordo, Iowa;42450,00
Cherokee, Iowa;11235,00
Chickasaw, Iowa;11933,00
Clarke, Iowa;9395,00
Clay, Iowa;16016,00
Clayton, Iowa;17549,00
Clinton, Iowa;46429,00
Crawford, Iowa;16820,00
Dallas, Iowa;93453,00
Davis, Iowa;9000,00
Decatur, Iowa;7870,00
Delaware, Iowa;17011,00
Des Moines, Iowa;38967,00
Dickinson, Iowa;17258,00
Dubuque, Iowa;97311,00
Emmet, Iowa;9208,00
Fayette, Iowa;19650,00
Floyd, Iowa;15642,00
Franklin, Iowa;10070,00
Fremont, Iowa;6960,00
Greene, Iowa;8888,00
Grundy, Iowa;12232,00
Guthrie, Iowa;10689,00
Hamilton, Iowa;14773,00
Hancock, Iowa;10630,00
Hardin, Iowa;16846,00
Harrison, Iowa;14049,00
Henry, Iowa;19954,00
Howard, Iowa;9158,00
Humboldt, Iowa;9558,00
Ida, Iowa;6860,00
Iowa, Iowa;16184,00
Jackson, Iowa;19439,00
Jasper, Iowa;37185,00
Jefferson, Iowa;18295,00
Johnson, Iowa;151140,00
Jones, Iowa;20681,00
Keokuk, Iowa;10246,00
Kossuth, Iowa;14813,00
Lee, Iowa;33657,00
Linn, Iowa;226706,00
Louisa, Iowa;11035,00
Lucas, Iowa;8600,00
Lyon, Iowa;11755,00
Madison, Iowa;16338,00
Mahaska, Iowa;22095,00
Marion, Iowa;33253,00
Marshall, Iowa;39369,00
Mills, Iowa;15109,00
Mitchell, Iowa;10586,00
Monona, Iowa;8615,00
Monroe, Iowa;7707,00
Montgomery, Iowa;9917,00
Muscatine, Iowa;42664,00
O'Brien, Iowa;13753,00
Osceola, Iowa;5958,00
Page, Iowa;15107,00
Palo Alto, Iowa;8886,00
Plymouth, Iowa;25177,00
Pocahontas, Iowa;6619,00
Polk, Iowa;490161,00
Pottawattamie, Iowa;93206,00
Poweshiek, Iowa;18504,00
Ringgold, Iowa;4894,00
Sac, Iowa;9721,00
Scott, Iowa;172943,00
Shelby, Iowa;11454,00
Sioux, Iowa;34855,00
Story, Iowa;97117,00
Tama, Iowa;16854,00
Taylor, Iowa;6121,00
Union, Iowa;12241,00
Van Buren, Iowa;7044,00
Wapello, Iowa;34969,00
Warren, Iowa;51466,00
Washington, Iowa;21965,00
Wayne, Iowa;6441,00
Webster, Iowa;35904,00
Winnebago, Iowa;10354,00
Winneshiek, Iowa;19991,00
Woodbury, Iowa;103107,00
Worth, Iowa;7381,00
Wright, Iowa;12562,00
Allen, Kansas;12369,00
Anderson, Kansas;7858,00
Atchison, Kansas;16073,00
Barber, Kansas;4427,00
Barton, Kansas;25779,00
Bourbon, Kansas;14534,00
Brown, Kansas;9564,00
Butler, Kansas;66911,00
Chase, Kansas;2648,00
Chautauqua, Kansas;3250,00
Cherokee, Kansas;19939,00
Cheyenne, Kansas;2657,00
Clark, Kansas;1994,00
Clay, Kansas;8002,00
Cloud, Kansas;8786,00
Coffey, Kansas;8179,00
Comanche, Kansas;1700,00
Cowley, Kansas;34908,00
Crawford, Kansas;38818,00
Decatur, Kansas;2827,00
Dickinson, Kansas;18466,00
Doniphan, Kansas;7600,00
Douglas, Kansas;122259,00
Edwards, Kansas;2798,00
Elk, Kansas;2530,00
Ellis, Kansas;28553,00
Ellsworth, Kansas;6102,00
Finney, Kansas;36467,00
Ford, Kansas;33619,00
Franklin, Kansas;25544,00
Geary, Kansas;31670,00
Gove, Kansas;2636,00
Graham, Kansas;2482,00
Grant, Kansas;7150,00
Gray, Kansas;5988,00
Greeley, Kansas;1232,00
Greenwood, Kansas;5982,00
Hamilton, Kansas;2539,00
Harper, Kansas;5436,00
Harvey, Kansas;34429,00
Haskell, Kansas;3968,00
Hodgeman, Kansas;1794,00
Jackson, Kansas;13171,00
Jefferson, Kansas;19043,00
Jewell, Kansas;2879,00
Johnson, Kansas;602401,00
Kearny, Kansas;3838,00
Kingman, Kansas;7152,00
Kiowa, Kansas;2475,00
Labette, Kansas;19618,00
Lane, Kansas;1535,00
Leavenworth, Kansas;81758,00
Lincoln, Kansas;2962,00
Linn, Kansas;9703,00
Logan, Kansas;2794,00
Lyon, Kansas;33195,00
McPherson, Kansas;28542,00
Marion, Kansas;11884,00
Marshall, Kansas;9707,00
Meade, Kansas;4033,00
Miami, Kansas;34237,00
Mitchell, Kansas;5979,00
Montgomery, Kansas;31829,00
Morris, Kansas;5620,00
Morton, Kansas;2587,00
Nemaha, Kansas;10231,00
Neosho, Kansas;16007,00
Ness, Kansas;2750,00
Norton, Kansas;5361,00
Osage, Kansas;15949,00
Osborne, Kansas;3421,00
Ottawa, Kansas;5704,00
Pawnee, Kansas;6414,00
Phillips, Kansas;5234,00
Pottawatomie, Kansas;24383,00
Pratt, Kansas;9164,00
Rawlins, Kansas;2530,00
Reno, Kansas;61998,00
Republic, Kansas;4636,00
Rice, Kansas;9537,00
Riley, Kansas;74232,00
Rooks, Kansas;4920,00
Rush, Kansas;3036,00
Russell, Kansas;6856,00
Saline, Kansas;54224,00
Scott, Kansas;4823,00
Sedgwick, Kansas;516042,00
Seward, Kansas;21428,00
Shawnee, Kansas;176875,00
Sheridan, Kansas;2521,00
Sherman, Kansas;5917,00
Smith, Kansas;3583,00
Stafford, Kansas;4156,00
Stanton, Kansas;2006,00
Stevens, Kansas;5485,00
Sumner, Kansas;22836,00
Thomas, Kansas;7777,00
Trego, Kansas;2803,00
Wabaunsee, Kansas;6931,00
Wallace, Kansas;1518,00
Washington, Kansas;5406,00
Wichita, Kansas;2119,00
Wilson, Kansas;8525,00
Woodson, Kansas;3138,00
Wyandotte, Kansas;165429,00
Adair, Kentucky;19202,00
Allen, Kentucky;21315,00
Anderson, Kentucky;22747,00
Ballard, Kentucky;7888,00
Barren, Kentucky;44249,00
Bath, Kentucky;12500,00
Bell, Kentucky;26032,00
Boone, Kentucky;133581,00
Bourbon, Kentucky;19788,00
Boyd, Kentucky;46718,00
Boyle, Kentucky;30060,00
Bracken, Kentucky;8303,00
Breathitt, Kentucky;12630,00
Breckinridge, Kentucky;20477,00
Bullitt, Kentucky;81676,00
Butler, Kentucky;12879,00
Caldwell, Kentucky;12747,00
Calloway, Kentucky;39001,00
Campbell, Kentucky;93584,00
Carlisle, Kentucky;4760,00
Carroll, Kentucky;10631,00
Carter, Kentucky;26797,00
Casey, Kentucky;16159,00
Christian, Kentucky;70461,00
Clark, Kentucky;36263,00
Clay, Kentucky;19901,00
Clinton, Kentucky;10218,00
Crittenden, Kentucky;8806,00
Cumberland, Kentucky;6614,00
Daviess, Kentucky;101511,00
Edmonson, Kentucky;12150,00
Elliott, Kentucky;7517,00
Estill, Kentucky;14106,00
Fayette, Kentucky;323152,00
Fleming, Kentucky;14581,00
Floyd, Kentucky;35589,00
Franklin, Kentucky;50991,00
Fulton, Kentucky;5969,00
Gallatin, Kentucky;8869,00
Garrard, Kentucky;17666,00
Grant, Kentucky;25069,00
Graves, Kentucky;37266,00
Grayson, Kentucky;26427,00
Green, Kentucky;10941,00
Greenup, Kentucky;35098,00
Hancock, Kentucky;8722,00
Hardin, Kentucky;110958,00
Harlan, Kentucky;26010,00
Harrison, Kentucky;18886,00
Hart, Kentucky;19035,00
Henderson, Kentucky;45210,00
Henry, Kentucky;16126,00
Hickman, Kentucky;4380,00
Hopkins, Kentucky;44686,00
Jackson, Kentucky;13329,00
Jefferson, Kentucky;766757,00
Jessamine, Kentucky;54115,00
Johnson, Kentucky;22188,00
Kenton, Kentucky;166998,00
Knott, Kentucky;14806,00
Knox, Kentucky;31145,00
Larue, Kentucky;14398,00
Laurel, Kentucky;60813,00
Lawrence, Kentucky;15317,00
Lee, Kentucky;7403,00
Leslie, Kentucky;9877,00
Letcher, Kentucky;21553,00
Lewis, Kentucky;13275,00
Lincoln, Kentucky;24549,00
Livingston, Kentucky;9194,00
Logan, Kentucky;27102,00
Lyon, Kentucky;8210,00
McCracken, Kentucky;65418,00
McCreary, Kentucky;17231,00
McLean, Kentucky;9207,00
Madison, Kentucky;92987,00
Magoffin, Kentucky;12161,00
Marion, Kentucky;19273,00
Marshall, Kentucky;31100,00
Martin, Kentucky;11195,00
Mason, Kentucky;17070,00
Meade, Kentucky;28572,00
Menifee, Kentucky;6489,00
Mercer, Kentucky;21933,00
Metcalfe, Kentucky;10071,00
Monroe, Kentucky;10650,00
Montgomery, Kentucky;28157,00
Morgan, Kentucky;13309,00
Muhlenberg, Kentucky;30622,00
Nelson, Kentucky;46233,00
Nicholas, Kentucky;7269,00
Ohio, Kentucky;23994,00
Oldham, Kentucky;66799,00
Owen, Kentucky;10901,00
Owsley, Kentucky;4415,00
Pendleton, Kentucky;14590,00
Perry, Kentucky;25758,00
Pike, Kentucky;57876,00
Powell, Kentucky;12359,00
Pulaski, Kentucky;64979,00
Robertson, Kentucky;2108,00
Rockcastle, Kentucky;16695,00
Rowan, Kentucky;24460,00
Russell, Kentucky;17923,00
Scott, Kentucky;57004,00
Shelby, Kentucky;49024,00
Simpson, Kentucky;18572,00
Spencer, Kentucky;19351,00
Taylor, Kentucky;25769,00
Todd, Kentucky;12294,00
Trigg, Kentucky;14651,00
Trimble, Kentucky;8471,00
Union, Kentucky;14381,00
Warren, Kentucky;132896,00
Washington, Kentucky;12095,00
Wayne, Kentucky;20333,00
Webster, Kentucky;12942,00
Whitley, Kentucky;36264,00
Wolfe, Kentucky;7157,00
Woodford, Kentucky;26734,00
Acadia Parish, Louisiana;62045,00
Allen Parish, Louisiana;25627,00
Ascension Parish, Louisiana;126604,00
Assumption Parish, Louisiana;21891,00
Avoyelles Parish, Louisiana;40144,00
Beauregard Parish, Louisiana;37497,00
Bienville Parish, Louisiana;13241,00
Bossier Parish, Louisiana;127039,00
Caddo Parish, Louisiana;240204,00
Calcasieu Parish, Louisiana;203436,00
Caldwell Parish, Louisiana;9918,00
Cameron Parish, Louisiana;6973,00
Catahoula Parish, Louisiana;9494,00
Claiborne Parish, Louisiana;15670,00
Concordia Parish, Louisiana;19259,00
De Soto Parish, Louisiana;27463,00
East Baton Rouge Parish, Louisiana;440059,00
East Carroll Parish, Louisiana;6861,00
East Feliciana Parish, Louisiana;19135,00
Evangeline Parish, Louisiana;33395,00
Franklin Parish, Louisiana;20015,00
Grant Parish, Louisiana;22389,00
Iberia Parish, Louisiana;69830,00
Iberville Parish, Louisiana;32511,00
Jackson Parish, Louisiana;15744,00
Jefferson Parish, Louisiana;432493,00
Jefferson Davis Parish, Louisiana;31368,00
Lafayette Parish, Louisiana;244390,00
Lafourche Parish, Louisiana;97614,00
LaSalle Parish, Louisiana;14892,00
Lincoln Parish, Louisiana;46742,00
Livingston Parish, Louisiana;140789,00
Madison Parish, Louisiana;10951,00
Morehouse Parish, Louisiana;24874,00
Natchitoches Parish, Louisiana;38158,00
Orleans Parish, Louisiana;390144,00
Ouachita Parish, Louisiana;153279,00
Plaquemines Parish, Louisiana;23197,00
Pointe Coupee Parish, Louisiana;21730,00
Rapides Parish, Louisiana;129648,00
Red River Parish, Louisiana;8442,00
Richland Parish, Louisiana;20122,00
Sabine Parish, Louisiana;23884,00
St Bernard Parish, Louisiana;47244,00
St Charles Parish, Louisiana;53100,00
St Helena Parish, Louisiana;10132,00
St James Parish, Louisiana;21096,00
St John the Baptist Parish, Louisiana;42837,00
St Landry Parish, Louisiana;82124,00
St Martin Parish, Louisiana;53431,00
St Mary Parish, Louisiana;49348,00
St Tammany Parish, Louisiana;260419,00
Tangipahoa Parish, Louisiana;134758,00
Tensas Parish, Louisiana;4334,00
Terrebonne Parish, Louisiana;110461,00
Union Parish, Louisiana;22108,00
Vermilion Parish, Louisiana;59511,00
Vernon Parish, Louisiana;47429,00
Washington Parish, Louisiana;46194,00
Webster Parish, Louisiana;38340,00
West Baton Rouge Parish, Louisiana;26465,00
West Carroll Parish, Louisiana;10830,00
West Feliciana Parish, Louisiana;15568,00
Winn Parish, Louisiana;13904,00
Androscoggin, Maine;108277,00
Aroostook, Maine;67055,00
Cumberland, Maine;295003,00
Franklin, Maine;30199,00
Hancock, Maine;54987,00
Kennebec, Maine;122302,00
Knox, Maine;39772,00
Lincoln, Maine;34634,00
Oxford, Maine;57975,00
Penobscot, Maine;152148,00
Piscataquis, Maine;16785,00
Sagadahoc, Maine;35856,00
Somerset, Maine;50484,00
Waldo, Maine;39715,00
Washington, Maine;31379,00
York, Maine;207641,00
Allegany, Maryland;70416,00
Anne Arundel, Maryland;579234,00
Baltimore, Maryland;827370,00
Calvert, Maryland;92525,00
Caroline, Maryland;33406,00
Carroll, Maryland;168447,00
Cecil, Maryland;102855,00
Charles, Maryland;163257,00
Dorchester, Maryland;31929,00
Frederick, Maryland;259547,00
Garrett, Maryland;29014,00
Harford, Maryland;255441,00
Howard, Maryland;325690,00
Kent, Maryland;19422,00
Montgomery, Maryland;1050688,00
Prince George's, Maryland;909327,00
Queen Anne's, Maryland;50381,00
St Mary's, Maryland;113510,00
Somerset, Maryland;25616,00
Talbot, Maryland;37181,00
Washington, Maryland;151049,00
Wicomico, Maryland;103609,00
Worcester, Maryland;52276,00
Baltimore city, Maryland;593490,00
Barnstable, Massachusetts;212990,00
Berkshire, Massachusetts;124944,00
Bristol, Massachusetts;565217,00
Dukes, Massachusetts;17332,00
Essex, Massachusetts;789034,00
Franklin, Massachusetts;70180,00
Hampden, Massachusetts;466372,00
Hampshire, Massachusetts;160830,00
Middlesex, Massachusetts;1611699,00
Nantucket, Massachusetts;11399,00
Norfolk, Massachusetts;706775,00
Plymouth, Massachusetts;521202,00
Suffolk, Massachusetts;803907,00
Worcester, Massachusetts;830622,00
Alcona, Michigan;10405,00
Alger, Michigan;9108,00
Allegan, Michigan;118081,00
Alpena, Michigan;28405,00
Antrim, Michigan;23324,00
Arenac, Michigan;14883,00
Baraga, Michigan;8209,00
Barry, Michigan;61550,00
Bay, Michigan;103126,00
Benzie, Michigan;17766,00
Berrien, Michigan;153401,00
Branch, Michigan;43517,00
Calhoun, Michigan;134159,00
Cass, Michigan;51787,00
Charlevoix, Michigan;26143,00
Cheboygan, Michigan;25276,00
Chippewa, Michigan;37349,00
Clare, Michigan;30950,00
Clinton, Michigan;79595,00
Crawford, Michigan;14029,00
Delta, Michigan;35784,00
Dickinson, Michigan;25239,00
Eaton, Michigan;110268,00
Emmet, Michigan;33415,00
Genesee, Michigan;405813,00
Gladwin, Michigan;25449,00
Gogebic, Michigan;13975,00
Grand Traverse, Michigan;93088,00
Gratiot, Michigan;40711,00
Hillsdale, Michigan;45605,00
Houghton, Michigan;35684,00
Huron, Michigan;30981,00
Ingham, Michigan;292406,00
Ionia, Michigan;64697,00
Iosco, Michigan;25127,00
Iron, Michigan;11066,00
Isabella, Michigan;69872,00
Jackson, Michigan;158510,00
Kalamazoo, Michigan;265066,00
Kalkaska, Michigan;18038,00
Kent, Michigan;656955,00
Keweenaw, Michigan;2116,00
Lake, Michigan;11853,00
Lapeer, Michigan;87607,00
Leelanau, Michigan;21761,00
Lenawee, Michigan;98451,00
Livingston, Michigan;191995,00
Luce, Michigan;6229,00
Mackinac, Michigan;10799,00
Macomb, Michigan;873972,00
Manistee, Michigan;24558,00
Marquette, Michigan;66699,00
Mason, Michigan;29144,00
Mecosta, Michigan;43453,00
Menominee, Michigan;22780,00
Midland, Michigan;83156,00
Missaukee, Michigan;15118,00
Monroe, Michigan;150500,00
Montcalm, Michigan;63888,00
Montmorency, Michigan;9328,00
Muskegon, Michigan;173566,00
Newaygo, Michigan;48980,00
Oakland, Michigan;1257584,00
Oceana, Michigan;26467,00
Ogemaw, Michigan;20997,00
Ontonagon, Michigan;5720,00
Osceola, Michigan;23460,00
Oscoda, Michigan;8241,00
Otsego, Michigan;24668,00
Ottawa, Michigan;291830,00
Presque Isle, Michigan;12592,00
Roscommon, Michigan;24019,00
Saginaw, Michigan;190539,00
St Clair, Michigan;159128,00
St Joseph, Michigan;60964,00
Sanilac, Michigan;41170,00
Schoolcraft, Michigan;8094,00
Shiawassee, Michigan;68122,00
Tuscola, Michigan;52245,00
Van Buren, Michigan;75677,00
Washtenaw, Michigan;367601,00
Wayne, Michigan;1749343,00
Wexford, Michigan;33631,00
Aitkin, Minnesota;15886,00
Anoka, Minnesota;356921,00
Becker, Minnesota;34423,00
Beltrami, Minnesota;47188,00
Benton, Minnesota;40889,00
Big Stone, Minnesota;4991,00
Blue Earth, Minnesota;67653,00
Brown, Minnesota;25008,00
Carlton, Minnesota;35871,00
Carver, Minnesota;105089,00
Cass, Minnesota;29779,00
Chippewa, Minnesota;11800,00
Chisago, Minnesota;56579,00
Clay, Minnesota;64222,00
Clearwater, Minnesota;8818,00
Cook, Minnesota;5463,00
Cottonwood, Minnesota;11196,00
Crow Wing, Minnesota;65055,00
Dakota, Minnesota;429021,00
Dodge, Minnesota;20934,00
Douglas, Minnesota;38141,00
Faribault, Minnesota;13653,00
Fillmore, Minnesota;21067,00
Freeborn, Minnesota;30281,00
Goodhue, Minnesota;46340,00
Grant, Minnesota;5972,00
Hennepin, Minnesota;1265843,00
Houston, Minnesota;18600,00
Hubbard, Minnesota;21491,00
Isanti, Minnesota;40596,00
Itasca, Minnesota;45130,00
Jackson, Minnesota;9846,00
Kanabec, Minnesota;16337,00
Kandiyohi, Minnesota;43199,00
Kittson, Minnesota;4298,00
Koochiching, Minnesota;12229,00
Lac qui Parle, Minnesota;6623,00
Lake, Minnesota;10641,00
Lake of the Woods, Minnesota;3740,00
Le Sueur, Minnesota;28887,00
Lincoln, Minnesota;5639,00
Lyon, Minnesota;25474,00
McLeod, Minnesota;35893,00
Mahnomen, Minnesota;5527,00
Marshall, Minnesota;9336,00
Martin, Minnesota;19683,00
Meeker, Minnesota;23222,00
Mille Lacs, Minnesota;26277,00
Morrison, Minnesota;33386,00
Mower, Minnesota;40062,00
Murray, Minnesota;8194,00
Nicollet, Minnesota;34274,00
Nobles, Minnesota;21629,00
Norman, Minnesota;6375,00
Olmsted, Minnesota;158293,00
Otter Tail, Minnesota;58746,00
Pennington, Minnesota;14119,00
Pine, Minnesota;29579,00
Pipestone, Minnesota;9126,00
Polk, Minnesota;31364,00
Pope, Minnesota;11249,00
Ramsey, Minnesota;550321,00
Red Lake, Minnesota;4055,00
Redwood, Minnesota;15170,00
Renville, Minnesota;14548,00
Rice, Minnesota;66972,00
Rock, Minnesota;9315,00
Roseau, Minnesota;15165,00
St Louis, Minnesota;199070,00
Scott, Minnesota;149013,00
Sherburne, Minnesota;97238,00
Sibley, Minnesota;14865,00
Stearns, Minnesota;161075,00
Steele, Minnesota;36649,00
Stevens, Minnesota;9805,00
Swift, Minnesota;9266,00
Todd, Minnesota;24664,00
Traverse, Minnesota;3259,00
Wabasha, Minnesota;21627,00
Wadena, Minnesota;13682,00
Waseca, Minnesota;18612,00
Washington, Minnesota;262440,00
Watonwan, Minnesota;10897,00
Wilkin, Minnesota;6207,00
Winona, Minnesota;50484,00
Wright, Minnesota;138377,00
Yellow Medicine, Minnesota;9709,00
Adams, Mississippi;30693,00
Alcorn, Mississippi;36953,00
Amite, Mississippi;12297,00
Attala, Mississippi;18174,00
Benton, Mississippi;8259,00
Bolivar, Mississippi;30628,00
Calhoun, Mississippi;14361,00
Carroll, Mississippi;9947,00
Chickasaw, Mississippi;17103,00
Choctaw, Mississippi;8210,00
Claiborne, Mississippi;8988,00
Clarke, Mississippi;15541,00
Clay, Mississippi;19316,00
Coahoma, Mississippi;22124,00
Copiah, Mississippi;28065,00
Covington, Mississippi;18636,00
DeSoto, Mississippi;184945,00
Forrest, Mississippi;74897,00
Franklin, Mississippi;7713,00
George, Mississippi;24500,00
Greene, Mississippi;13586,00
Grenada, Mississippi;20758,00
Hancock, Mississippi;47632,00
Harrison, Mississippi;208080,00
Hinds, Mississippi;231840,00
Holmes, Mississippi;17010,00
Humphreys, Mississippi;8064,00
Issaquena, Mississippi;1327,00
Itawamba, Mississippi;23390,00
Jackson, Mississippi;143617,00
Jasper, Mississippi;16383,00
Jefferson, Mississippi;6990,00
Jefferson Davis, Mississippi;11128,00
Jones, Mississippi;68098,00
Kemper, Mississippi;9742,00
Lafayette, Mississippi;54019,00
Lamar, Mississippi;63343,00
Lauderdale, Mississippi;74125,00
Lawrence, Mississippi;12586,00
Leake, Mississippi;22786,00
Lee, Mississippi;85436,00
Leflore, Mississippi;28183,00
Lincoln, Mississippi;34153,00
Lowndes, Mississippi;58595,00
Madison, Mississippi;106272,00
Marion, Mississippi;24573,00
Marshall, Mississippi;35294,00
Monroe, Mississippi;35252,00
Montgomery, Mississippi;9775,00
Neshoba, Mississippi;29118,00
Newton, Mississippi;21018,00
Noxubee, Mississippi;10417,00
Oktibbeha, Mississippi;49587,00
Panola, Mississippi;34192,00
Pearl River, Mississippi;55535,00
Perry, Mississippi;11973,00
Pike, Mississippi;39288,00
Pontotoc, Mississippi;32174,00
Prentiss, Mississippi;25126,00
Quitman, Mississippi;6792,00
Rankin, Mississippi;155271,00
Scott, Mississippi;28124,00
Sharkey, Mississippi;4321,00
Simpson, Mississippi;26658,00
Smith, Mississippi;15916,00
Stone, Mississippi;18336,00
Sunflower, Mississippi;25110,00
Tallahatchie, Mississippi;13809,00
Tate, Mississippi;28321,00
Tippah, Mississippi;22015,00
Tishomingo, Mississippi;19383,00
Tunica, Mississippi;9632,00
Union, Mississippi;28815,00
Walthall, Mississippi;14286,00
Warren, Mississippi;45381,00
Washington, Mississippi;43909,00
Wayne, Mississippi;20183,00
Webster, Mississippi;9689,00
Wilkinson, Mississippi;8630,00
Winston, Mississippi;17955,00
Yalobusha, Mississippi;12108,00
Yazoo, Mississippi;29690,00
Adair, Missouri;25343,00
Andrew, Missouri;17712,00
Atchison, Missouri;5143,00
Audrain, Missouri;25388,00
Barry, Missouri;35789,00
Barton, Missouri;11754,00
Bates, Missouri;16172,00
Benton, Missouri;19443,00
Bollinger, Missouri;12133,00
Boone, Missouri;180463,00
Buchanan, Missouri;87364,00
Butler, Missouri;42478,00
Caldwell, Missouri;9020,00
Callaway, Missouri;44743,00
Camden, Missouri;46305,00
Cape Girardeau, Missouri;78871,00
Carroll, Missouri;8679,00
Carter, Missouri;5982,00
Cass, Missouri;105780,00
Cedar, Missouri;14349,00
Chariton, Missouri;7426,00
Christian, Missouri;88595,00
Clark, Missouri;6797,00
Clay, Missouri;249948,00
Clinton, Missouri;20387,00
Cole, Missouri;76745,00
Cooper, Missouri;17709,00
Crawford, Missouri;23920,00
Dade, Missouri;7561,00
Dallas, Missouri;16878,00
Daviess, Missouri;8278,00
DeKalb, Missouri;12547,00
Dent, Missouri;15573,00
Douglas, Missouri;13185,00
Dunklin, Missouri;29131,00
Franklin, Missouri;103967,00
Gasconade, Missouri;14706,00
Gentry, Missouri;6571,00
Greene, Missouri;293086,00
Grundy, Missouri;9850,00
Harrison, Missouri;8352,00
Henry, Missouri;21824,00
Hickory, Missouri;9544,00
Holt, Missouri;4403,00
Howard, Missouri;10001,00
Howell, Missouri;40117,00
Iron, Missouri;10125,00
Jackson, Missouri;703011,00
Jasper, Missouri;121328,00
Jefferson, Missouri;225081,00
Johnson, Missouri;54062,00
Knox, Missouri;3959,00
Laclede, Missouri;35723,00
Lafayette, Missouri;32708,00
Lawrence, Missouri;38355,00
Lewis, Missouri;9776,00
Lincoln, Missouri;59013,00
Linn, Missouri;11920,00
Livingston, Missouri;15227,00
McDonald, Missouri;22837,00
Macon, Missouri;15117,00
Madison, Missouri;12088,00
Maries, Missouri;8697,00
Marion, Missouri;28530,00
Mercer, Missouri;3617,00
Miller, Missouri;25619,00
Mississippi, Missouri;13180,00
Moniteau, Missouri;16132,00
Monroe, Missouri;8644,00
Montgomery, Missouri;11551,00
Morgan, Missouri;20627,00
New Madrid, Missouri;17076,00
Newton, Missouri;58236,00
Nodaway, Missouri;22092,00
Oregon, Missouri;10529,00
Osage, Missouri;13615,00
Ozark, Missouri;9174,00
Pemiscot, Missouri;15805,00
Perry, Missouri;19136,00
Pettis, Missouri;42339,00
Phelps, Missouri;44573,00
Pike, Missouri;18302,00
Platte, Missouri;104418,00
Polk, Missouri;32149,00
Pulaski, Missouri;52607,00
Putnam, Missouri;4696,00
Ralls, Missouri;10309,00
Randolph, Missouri;24748,00
Ray, Missouri;23018,00
Reynolds, Missouri;6270,00
Ripley, Missouri;13288,00
St Charles, Missouri;402022,00
St Clair, Missouri;9397,00
Ste Genevieve, Missouri;17894,00
St Francois, Missouri;67215,00
St Louis, Missouri;994205,00
Saline, Missouri;22761,00
Schuyler, Missouri;4660,00
Scotland, Missouri;4902,00
Scott, Missouri;38280,00
Shannon, Missouri;8166,00
Shelby, Missouri;5930,00
Stoddard, Missouri;29025,00
Stone, Missouri;31952,00
Sullivan, Missouri;6089,00
Taney, Missouri;55928,00
Texas, Missouri;25398,00
Vernon, Missouri;20563,00
Warren, Missouri;35649,00
Washington, Missouri;24730,00
Wayne, Missouri;12873,00
Webster, Missouri;39592,00
Worth, Missouri;2013,00
Wright, Missouri;18289,00
St Louis city, Missouri;300576,00
Beaverhead, Montana;9453,00
Big Horn, Montana;13319,00
Blaine, Montana;6681,00
Broadwater, Montana;6237,00
Carbon, Montana;10725,00
Carter, Montana;1252,00
Cascade, Montana;81366,00
Chouteau, Montana;5635,00
Custer, Montana;11402,00
Daniels, Montana;1690,00
Dawson, Montana;8613,00
Deer Lodge, Montana;9140,00
Fallon, Montana;2846,00
Fergus, Montana;11050,00
Flathead, Montana;103806,00
Gallatin, Montana;114434,00
Garfield, Montana;1258,00
Glacier, Montana;13753,00
Golden Valley, Montana;821,00
Granite, Montana;3379,00
Hill, Montana;16484,00
Jefferson, Montana;12221,00
Judith Basin, Montana;2007,00
Lake, Montana;30458,00
Lewis and Clark, Montana;69432,00
Liberty, Montana;2337,00
Lincoln, Montana;19980,00
McCone, Montana;1664,00
Madison, Montana;8600,00
Meagher, Montana;1862,00
Mineral, Montana;4397,00
Missoula, Montana;119600,00
Musselshell, Montana;4633,00
Park, Montana;16606,00
Petroleum, Montana;487,00
Phillips, Montana;3954,00
Pondera, Montana;5911,00
Powder River, Montana;1682,00
Powell, Montana;6890,00
Prairie, Montana;1077,00
Ravalli, Montana;43806,00
Richland, Montana;10803,00
Roosevelt, Montana;11004,00
Rosebud, Montana;8937,00
Sanders, Montana;12113,00
Sheridan, Montana;3309,00
Silver Bow, Montana;34915,00
Stillwater, Montana;9642,00
Sweet Grass, Montana;3737,00
Teton, Montana;6147,00
Toole, Montana;4736,00
Treasure, Montana;696,00
Valley, Montana;7396,00
Wheatland, Montana;2126,00
Wibaux, Montana;969,00
Yellowstone, Montana;161300,00
Adams, Nebraska;31363,00
Antelope, Nebraska;6298,00
Arthur, Nebraska;463,00
Banner, Nebraska;745,00
Blaine, Nebraska;465,00
Boone, Nebraska;5192,00
Box Butte, Nebraska;10783,00
Boyd, Nebraska;1919,00
Brown, Nebraska;2955,00
Buffalo, Nebraska;49659,00
Burt, Nebraska;6459,00
Butler, Nebraska;8016,00
Cass, Nebraska;26248,00
Cedar, Nebraska;8402,00
Chase, Nebraska;3924,00
Cherry, Nebraska;5689,00
Cheyenne, Nebraska;8910,00
Clay, Nebraska;6203,00
Colfax, Nebraska;10709,00
Cuming, Nebraska;8846,00
Custer, Nebraska;10777,00
Dakota, Nebraska;20026,00
Dawes, Nebraska;8589,00
Dawson, Nebraska;23595,00
Deuel, Nebraska;1794,00
Dixon, Nebraska;5636,00
Dodge, Nebraska;36565,00
Douglas, Nebraska;571327,00
Dundy, Nebraska;1693,00
Fillmore, Nebraska;5462,00
Franklin, Nebraska;2979,00
Frontier, Nebraska;2627,00
Furnas, Nebraska;4676,00
Gage, Nebraska;21513,00
Garden, Nebraska;1837,00
Garfield, Nebraska;1969,00
Gosper, Nebraska;1990,00
Grant, Nebraska;623,00
Greeley, Nebraska;2356,00
Hall, Nebraska;61353,00
Hamilton, Nebraska;9324,00
Harlan, Nebraska;3380,00
Hayes, Nebraska;922,00
Hitchcock, Nebraska;2762,00
Holt, Nebraska;10067,00
Hooker, Nebraska;682,00
Howard, Nebraska;6445,00
Jefferson, Nebraska;7046,00
Johnson, Nebraska;5071,00
Kearney, Nebraska;6495,00
Keith, Nebraska;8034,00
Keya Paha, Nebraska;806,00
Kimball, Nebraska;3632,00
Knox, Nebraska;8332,00
Lancaster, Nebraska;319090,00
Lincoln, Nebraska;34914,00
Logan, Nebraska;748,00
Loup, Nebraska;664,00
McPherson, Nebraska;494,00
Madison, Nebraska;35099,00
Merrick, Nebraska;7755,00
Morrill, Nebraska;4642,00
Nance, Nebraska;3519,00
Nemaha, Nebraska;6972,00
Nuckolls, Nebraska;4148,00
Otoe, Nebraska;16012,00
Pawnee, Nebraska;2613,00
Perkins, Nebraska;2891,00
Phelps, Nebraska;9034,00
Pierce, Nebraska;7148,00
Platte, Nebraska;33470,00
Polk, Nebraska;5213,00
Red Willow, Nebraska;10724,00
Richardson, Nebraska;7865,00
Rock, Nebraska;1357,00
Saline, Nebraska;14224,00
Sarpy, Nebraska;187196,00
Saunders, Nebraska;21578,00
Scotts Bluff, Nebraska;35618,00
Seward, Nebraska;17284,00
Sheridan, Nebraska;5246,00
Sherman, Nebraska;3001,00
Sioux, Nebraska;1166,00
Stanton, Nebraska;5920,00
Thayer, Nebraska;5003,00
Thomas, Nebraska;722,00
Thurston, Nebraska;7224,00
Valley, Nebraska;4158,00
Washington, Nebraska;20729,00
Wayne, Nebraska;9385,00
Webster, Nebraska;3487,00
Wheeler, Nebraska;783,00
York, Nebraska;13679,00
Churchill, Nevada;24909,00
Clark, Nevada;2266715,00
Douglas, Nevada;48905,00
Elko, Nevada;52778,00
Esmeralda, Nevada;873,00
Eureka, Nevada;2029,00
Humboldt, Nevada;16831,00
Lander, Nevada;5532,00
Lincoln, Nevada;5183,00
Lyon, Nevada;57510,00
Mineral, Nevada;4505,00
Nye, Nevada;46523,00
Pershing, Nevada;6725,00
Storey, Nevada;4123,00
Washoe, Nevada;471519,00
White Pine, Nevada;9580,00
Carson City, Nevada;55916,00
Belknap, New Hampshire;61303,00
Carroll, New Hampshire;48910,00
Cheshire, New Hampshire;76085,00
Coos, New Hampshire;31563,00
Grafton, New Hampshire;89886,00
Hillsborough, New Hampshire;417025,00
Merrimack, New Hampshire;151391,00
Rockingham, New Hampshire;309769,00
Strafford, New Hampshire;130633,00
Sullivan, New Hampshire;43146,00
Atlantic, New Jersey;263670,00
Bergen, New Jersey;932202,00
Burlington, New Jersey;445349,00
Camden, New Jersey;506471,00
Cape May, New Jersey;92039,00
Cumberland, New Jersey;149527,00
Essex, New Jersey;798975,00
Gloucester, New Jersey;291636,00
Hudson, New Jersey;672391,00
Hunterdon, New Jersey;124371,00
Mercer, New Jersey;367430,00
Middlesex, New Jersey;825062,00
Monmouth, New Jersey;618795,00
Morris, New Jersey;491845,00
Ocean, New Jersey;607186,00
Passaic, New Jersey;501826,00
Salem, New Jersey;62385,00
Somerset, New Jersey;328934,00
Sussex, New Jersey;140488,00
Union, New Jersey;556341,00
Warren, New Jersey;105267,00
Bernalillo, New Mexico;679121,00
Catron, New Mexico;3527,00
Chaves, New Mexico;64615,00
Cibola, New Mexico;26675,00
Colfax, New Mexico;11941,00
Curry, New Mexico;48954,00
De Baca, New Mexico;1748,00
Do?a Ana, New Mexico;218195,00
Eddy, New Mexico;58460,00
Grant, New Mexico;26998,00
Guadalupe, New Mexico;4300,00
Harding, New Mexico;625,00
Hidalgo, New Mexico;4198,00
Lea, New Mexico;71070,00
Lincoln, New Mexico;19572,00
Los Alamos, New Mexico;19369,00
Luna, New Mexico;23709,00
McKinley, New Mexico;71367,00
Mora, New Mexico;4521,00
Otero, New Mexico;67490,00
Quay, New Mexico;8253,00
Rio Arriba, New Mexico;38921,00
Roosevelt, New Mexico;18500,00
Sandoval, New Mexico;146748,00
San Juan, New Mexico;123958,00
San Miguel, New Mexico;27277,00
Santa Fe, New Mexico;150358,00
Sierra, New Mexico;10791,00
Socorro, New Mexico;16637,00
Taos, New Mexico;32723,00
Torrance, New Mexico;15461,00
Union, New Mexico;4059,00
Valencia, New Mexico;76688,00
Albany, New York;305506,00
Allegany, New York;46091,00
Bronx, New York;1418207,00
Broome, New York;190488,00
Cattaraugus, New York;76117,00
Cayuga, New York;76576,00
Chautauqua, New York;126903,00
Chemung, New York;83456,00
Chenango, New York;47207,00
Clinton, New York;80485,00
Columbia, New York;59461,00
Cortland, New York;47581,00
Delaware, New York;44135,00
Dutchess, New York;294218,00
Erie, New York;918702,00
Essex, New York;36885,00
Franklin, New York;50022,00
Fulton, New York;53383,00
Genesee, New York;57280,00
Greene, New York;47188,00
Hamilton, New York;4416,00
Herkimer, New York;61319,00
Jefferson, New York;109834,00
Kings, New York;2559903,00
Lewis, New York;26296,00
Livingston, New York;62914,00
Madison, New York;70941,00
Monroe, New York;741770,00
Montgomery, New York;49221,00
Nassau, New York;1356924,00
New York, New York;1628706,00
Niagara, New York;209281,00
Oneida, New York;228671,00
Onondaga, New York;460528,00
Ontario, New York;109777,00
Orange, New York;384940,00
Orleans, New York;40352,00
Oswego, New York;117124,00
Otsego, New York;59493,00
Putnam, New York;98320,00
Queens, New York;2253858,00
Rensselaer, New York;158714,00
Richmond, New York;476143,00
Rockland, New York;325789,00
St Lawrence, New York;107740,00
Saratoga, New York;229863,00
Schenectady, New York;155299,00
Schoharie, New York;30999,00
Schuyler, New York;17807,00
Seneca, New York;34016,00
Steuben, New York;95379,00
Suffolk, New York;1476601,00
Sullivan, New York;75432,00
Tioga, New York;48203,00
Tompkins, New York;102180,00
Ulster, New York;177573,00
Warren, New York;63944,00
Washington, New York;61204,00
Wayne, New York;89918,00
Westchester, New York;967506,00
Wyoming, New York;39859,00
Yates, New York;24913,00
Alamance, North Carolina;169509,00
Alexander, North Carolina;37497,00
Alleghany, North Carolina;11137,00
Anson, North Carolina;24446,00
Ashe, North Carolina;27203,00
Avery, North Carolina;17557,00
Beaufort, North Carolina;46994,00
Bertie, North Carolina;18947,00
Bladen, North Carolina;32722,00
Brunswick, North Carolina;142820,00
Buncombe, North Carolina;261191,00
Burke, North Carolina;90485,00
Cabarrus, North Carolina;216453,00
Caldwell, North Carolina;82178,00
Camden, North Carolina;10867,00
Carteret, North Carolina;69473,00
Caswell, North Carolina;22604,00
Catawba, North Carolina;159551,00
Chatham, North Carolina;74470,00
Cherokee, North Carolina;28612,00
Chowan, North Carolina;13943,00
Clay, North Carolina;11231,00
Cleveland, North Carolina;97947,00
Columbus, North Carolina;55508,00
Craven, North Carolina;102139,00
Cumberland, North Carolina;335509,00
Currituck, North Carolina;27763,00
Dare, North Carolina;37009,00
Davidson, North Carolina;167609,00
Davie, North Carolina;42846,00
Duplin, North Carolina;58741,00
Durham, North Carolina;321488,00
Edgecombe, North Carolina;51472,00
Forsyth, North Carolina;382295,00
Franklin, North Carolina;69685,00
Gaston, North Carolina;224529,00
Gates, North Carolina;11562,00
Graham, North Carolina;8441,00
Granville, North Carolina;60443,00
Greene, North Carolina;21069,00
Guilford, North Carolina;537174,00
Halifax, North Carolina;50010,00
Harnett, North Carolina;135976,00
Haywood, North Carolina;62317,00
Henderson, North Carolina;117417,00
Hertford, North Carolina;23677,00
Hoke, North Carolina;55234,00
Hyde, North Carolina;4937,00
Iredell, North Carolina;181806,00
Jackson, North Carolina;43938,00
Johnston, North Carolina;209339,00
Jones, North Carolina;9419,00
Lee, North Carolina;61779,00
Lenoir, North Carolina;55949,00
Lincoln, North Carolina;86111,00
McDowell, North Carolina;45756,00
Macon, North Carolina;35858,00
Madison, North Carolina;21755,00
Martin, North Carolina;22440,00
Mecklenburg, North Carolina;1110356,00
Mitchell, North Carolina;14964,00
Montgomery, North Carolina;27173,00
Moore, North Carolina;100880,00
Nash, North Carolina;94298,00
New Hanover, North Carolina;234473,00
Northampton, North Carolina;19483,00
Onslow, North Carolina;197938,00
Orange, North Carolina;148476,00
Pamlico, North Carolina;12726,00
Pasquotank, North Carolina;39824,00
Pender, North Carolina;63060,00
Perquimans, North Carolina;13463,00
Person, North Carolina;39490,00
Pitt, North Carolina;180742,00
Polk, North Carolina;20724,00
Randolph, North Carolina;143667,00
Richmond, North Carolina;44829,00
Robeson, North Carolina;130625,00
Rockingham, North Carolina;91010,00
Rowan, North Carolina;142088,00
Rutherford, North Carolina;67029,00
Sampson, North Carolina;63531,00
Scotland, North Carolina;34823,00
Stanly, North Carolina;62806,00
Stokes, North Carolina;45591,00
Surry, North Carolina;71783,00
Swain, North Carolina;14271,00
Transylvania, North Carolina;34385,00
Tyrrell, North Carolina;4016,00
Union, North Carolina;239859,00
Vance, North Carolina;44535,00
Wake, North Carolina;1111761,00
Warren, North Carolina;19731,00
Washington, North Carolina;11580,00
Watauga, North Carolina;56177,00
Wayne, North Carolina;123131,00
Wilkes, North Carolina;68412,00
Wilson, North Carolina;81801,00
Yadkin, North Carolina;37667,00
Yancey, North Carolina;18069,00
Adams, North Dakota;2216,00
Barnes, North Dakota;10415,00
Benson, North Dakota;6832,00
Billings, North Dakota;928,00
Bottineau, North Dakota;6282,00
Bowman, North Dakota;3024,00
Burke, North Dakota;2115,00
Burleigh, North Dakota;95626,00
Cass, North Dakota;181923,00
Cavalier, North Dakota;3762,00
Dickey, North Dakota;4872,00
Divide, North Dakota;2264,00
Dunn, North Dakota;4424,00
Eddy, North Dakota;2287,00
Emmons, North Dakota;3241,00
Foster, North Dakota;3210,00
Golden Valley, North Dakota;1761,00
Grand Forks, North Dakota;69451,00
Grant, North Dakota;2274,00
Griggs, North Dakota;2231,00
Hettinger, North Dakota;2499,00
Kidder, North Dakota;2480,00
LaMoure, North Dakota;4046,00
Logan, North Dakota;1850,00
McHenry, North Dakota;5745,00
McIntosh, North Dakota;2497,00
McKenzie, North Dakota;15024,00
McLean, North Dakota;9450,00
Mercer, North Dakota;8187,00
Morton, North Dakota;31364,00
Mountrail, North Dakota;10545,00
Nelson, North Dakota;2879,00
Oliver, North Dakota;1959,00
Pembina, North Dakota;6801,00
Pierce, North Dakota;3975,00
Ramsey, North Dakota;11519,00
Ransom, North Dakota;5218,00
Renville, North Dakota;2327,00
Richland, North Dakota;16177,00
Rolette, North Dakota;14176,00
Sargent, North Dakota;3898,00
Sheridan, North Dakota;1315,00
Sioux, North Dakota;4230,00
Slope, North Dakota;750,00
Stark, North Dakota;31489,00
Steele, North Dakota;1890,00
Stutsman, North Dakota;20704,00
Towner, North Dakota;2189,00
Traill, North Dakota;8036,00
Walsh, North Dakota;10641,00
Ward, North Dakota;67641,00
Wells, North Dakota;3834,00
Williams, North Dakota;37589,00
Adams, Ohio;27698,00
Allen, Ohio;102351,00
Ashland, Ohio;53484,00
Ashtabula, Ohio;97241,00
Athens, Ohio;65327,00
Auglaize, Ohio;45656,00
Belmont, Ohio;67006,00
Brown, Ohio;43432,00
Butler, Ohio;383134,00
Carroll, Ohio;26914,00
Champaign, Ohio;38885,00
Clark, Ohio;134083,00
Clermont, Ohio;206428,00
Clinton, Ohio;41968,00
Columbiana, Ohio;101883,00
Coshocton, Ohio;36600,00
Crawford, Ohio;41494,00
Cuyahoga, Ohio;1235072,00
Darke, Ohio;51113,00
Defiance, Ohio;38087,00
Delaware, Ohio;209177,00
Erie, Ohio;74266,00
Fairfield, Ohio;157574,00
Fayette, Ohio;28525,00
Franklin, Ohio;1316756,00
Fulton, Ohio;42126,00
Gallia, Ohio;29898,00
Geauga, Ohio;93649,00
Greene, Ohio;168937,00
Guernsey, Ohio;38875,00
Hamilton, Ohio;817473,00
Hancock, Ohio;75783,00
Hardin, Ohio;31365,00
Harrison, Ohio;15040,00
Henry, Ohio;27006,00
Highland, Ohio;43161,00
Hocking, Ohio;28264,00
Holmes, Ohio;43960,00
Huron, Ohio;58266,00
Jackson, Ohio;32413,00
Jefferson, Ohio;65325,00
Knox, Ohio;62322,00
Lake, Ohio;230149,00
Lawrence, Ohio;59463,00
Licking, Ohio;176862,00
Logan, Ohio;45672,00
Lorain, Ohio;309833,00
Lucas, Ohio;428348,00
Madison, Ohio;44731,00
Mahoning, Ohio;228683,00
Marion, Ohio;65093,00
Medina, Ohio;179746,00
Meigs, Ohio;22907,00
Mercer, Ohio;41172,00
Miami, Ohio;106987,00
Monroe, Ohio;13654,00
Montgomery, Ohio;531687,00
Morgan, Ohio;14508,00
Morrow, Ohio;35328,00
Muskingum, Ohio;86215,00
Noble, Ohio;14424,00
Ottawa, Ohio;40525,00
Paulding, Ohio;18672,00
Perry, Ohio;36134,00
Pickaway, Ohio;58457,00
Pike, Ohio;27772,00
Portage, Ohio;162466,00
Preble, Ohio;40882,00
Putnam, Ohio;33861,00
Richland, Ohio;121154,00
Ross, Ohio;76666,00
Sandusky, Ohio;58518,00
Scioto, Ohio;75314,00
Seneca, Ohio;55178,00
Shelby, Ohio;48590,00
Stark, Ohio;370606,00
Summit, Ohio;541013,00
Trumbull, Ohio;197974,00
Tuscarawas, Ohio;91987,00
Union, Ohio;58988,00
Van Wert, Ohio;28275,00
Vinton, Ohio;13085,00
Warren, Ohio;234602,00
Washington, Ohio;59911,00
Wayne, Ohio;115710,00
Williams, Ohio;36692,00
Wood, Ohio;130817,00
Wyandot, Ohio;21772,00
Adair, Oklahoma;22194,00
Alfalfa, Oklahoma;5702,00
Atoka, Oklahoma;13758,00
Beaver, Oklahoma;5311,00
Beckham, Oklahoma;21859,00
Blaine, Oklahoma;9429,00
Bryan, Oklahoma;47995,00
Caddo, Oklahoma;28762,00
Canadian, Oklahoma;148306,00
Carter, Oklahoma;48111,00
Cherokee, Oklahoma;48657,00
Choctaw, Oklahoma;14672,00
Cimarron, Oklahoma;2137,00
Cleveland, Oklahoma;284014,00
Coal, Oklahoma;5495,00
Comanche, Oklahoma;120749,00
Cotton, Oklahoma;5666,00
Craig, Oklahoma;14142,00
Creek, Oklahoma;71522,00
Custer, Oklahoma;29003,00
Delaware, Oklahoma;43009,00
Dewey, Oklahoma;4891,00
Ellis, Oklahoma;3859,00
Garfield, Oklahoma;61056,00
Garvin, Oklahoma;27711,00
Grady, Oklahoma;55834,00
Grant, Oklahoma;4333,00
Greer, Oklahoma;5712,00
Harmon, Oklahoma;2653,00
Harper, Oklahoma;3688,00
Haskell, Oklahoma;12627,00
Hughes, Oklahoma;13279,00
Jackson, Oklahoma;24530,00
Jefferson, Oklahoma;6002,00
Johnston, Oklahoma;11085,00
Kay, Oklahoma;43538,00
Kingfisher, Oklahoma;15765,00
Kiowa, Oklahoma;8708,00
Latimer, Oklahoma;10073,00
Le Flore, Oklahoma;49853,00
Lincoln, Oklahoma;34877,00
Logan, Oklahoma;48011,00
Love, Oklahoma;10253,00
McClain, Oklahoma;40474,00
McCurtain, Oklahoma;32832,00
McIntosh, Oklahoma;19596,00
Major, Oklahoma;7629,00
Marshall, Oklahoma;16931,00
Mayes, Oklahoma;41100,00
Murray, Oklahoma;14073,00
Muskogee, Oklahoma;67997,00
Noble, Oklahoma;11131,00
Nowata, Oklahoma;10076,00
Okfuskee, Oklahoma;11993,00
Oklahoma, Oklahoma;797434,00
Okmulgee, Oklahoma;38465,00
Osage, Oklahoma;46963,00
Ottawa, Oklahoma;31127,00
Pawnee, Oklahoma;16376,00
Payne, Oklahoma;81784,00
Pittsburg, Oklahoma;43654,00
Pontotoc, Oklahoma;38284,00
Pottawatomie, Oklahoma;72592,00
Pushmataha, Oklahoma;11096,00
Roger Mills, Oklahoma;3583,00
Rogers, Oklahoma;92459,00
Seminole, Oklahoma;24258,00
Sequoyah, Oklahoma;41569,00
Stephens, Oklahoma;43143,00
Texas, Oklahoma;19983,00
Tillman, Oklahoma;7250,00
Tulsa, Oklahoma;651552,00
Wagoner, Oklahoma;81289,00
Washington, Oklahoma;51527,00
Washita, Oklahoma;10916,00
Woods, Oklahoma;8793,00
Woodward, Oklahoma;20211,00
Baker, Oregon;16124,00
Benton, Oregon;93053,00
Clackamas, Oregon;418187,00
Clatsop, Oregon;40224,00
Columbia, Oregon;52354,00
Coos, Oregon;64487,00
Crook, Oregon;24404,00
Curry, Oregon;22925,00
Deschutes, Oregon;197692,00
Douglas, Oregon;110980,00
Gilliam, Oregon;1912,00
Grant, Oregon;7199,00
Harney, Oregon;7393,00
Hood River, Oregon;23382,00
Jackson, Oregon;220944,00
Jefferson, Oregon;24658,00
Josephine, Oregon;87487,00
Klamath, Oregon;68238,00
Lake, Oregon;7869,00
Lane, Oregon;382067,00
Lincoln, Oregon;49962,00
Linn, Oregon;129749,00
Malheur, Oregon;30571,00
Marion, Oregon;347818,00
Morrow, Oregon;11603,00
Multnomah, Oregon;812855,00
Polk, Oregon;86085,00
Sherman, Oregon;1780,00
Tillamook, Oregon;27036,00
Umatilla, Oregon;77950,00
Union, Oregon;26835,00
Wallowa, Oregon;7208,00
Wasco, Oregon;26682,00
Washington, Oregon;601592,00
Wheeler, Oregon;1332,00
Yamhill, Oregon;107100,00
Adams, Pennsylvania;103009,00
Allegheny, Pennsylvania;1216045,00
Armstrong, Pennsylvania;64735,00
Beaver, Pennsylvania;163929,00
Bedford, Pennsylvania;47888,00
Berks, Pennsylvania;421164,00
Blair, Pennsylvania;121829,00
Bradford, Pennsylvania;60323,00
Bucks, Pennsylvania;628270,00
Butler, Pennsylvania;187853,00
Cambria, Pennsylvania;130192,00
Cameron, Pennsylvania;4447,00
Carbon, Pennsylvania;64182,00
Centre, Pennsylvania;162385,00
Chester, Pennsylvania;524989,00
Clarion, Pennsylvania;38438,00
Clearfield, Pennsylvania;79255,00
Clinton, Pennsylvania;38632,00
Columbia, Pennsylvania;64964,00
Crawford, Pennsylvania;84629,00
Cumberland, Pennsylvania;253370,00
Dauphin, Pennsylvania;278299,00
Delaware, Pennsylvania;566747,00
Elk, Pennsylvania;29910,00
Erie, Pennsylvania;269728,00
Fayette, Pennsylvania;129274,00
Forest, Pennsylvania;7247,00
Franklin, Pennsylvania;155027,00
Fulton, Pennsylvania;14530,00
Greene, Pennsylvania;36233,00
Huntingdon, Pennsylvania;45144,00
Indiana, Pennsylvania;84073,00
Jefferson, Pennsylvania;43425,00
Juniata, Pennsylvania;24763,00
Lackawanna, Pennsylvania;209674,00
Lancaster, Pennsylvania;545724,00
Lawrence, Pennsylvania;85512,00
Lebanon, Pennsylvania;141793,00
Lehigh, Pennsylvania;369318,00
Luzerne, Pennsylvania;317417,00
Lycoming, Pennsylvania;113299,00
McKean, Pennsylvania;40625,00
Mercer, Pennsylvania;109424,00
Mifflin, Pennsylvania;46138,00
Monroe, Pennsylvania;170271,00
Montgomery, Pennsylvania;830915,00
Montour, Pennsylvania;18230,00
Northampton, Pennsylvania;305285,00
Northumberland, Pennsylvania;90843,00
Perry, Pennsylvania;46272,00
Philadelphia, Pennsylvania;1584064,00
Pike, Pennsylvania;55809,00
Potter, Pennsylvania;16526,00
Schuylkill, Pennsylvania;141359,00
Snyder, Pennsylvania;40372,00
Somerset, Pennsylvania;73447,00
Sullivan, Pennsylvania;6066,00
Susquehanna, Pennsylvania;40328,00
Tioga, Pennsylvania;40591,00
Union, Pennsylvania;44923,00
Venango, Pennsylvania;50668,00
Warren, Pennsylvania;39191,00
Washington, Pennsylvania;206865,00
Wayne, Pennsylvania;51361,00
Westmoreland, Pennsylvania;348899,00
Wyoming, Pennsylvania;26794,00
York, Pennsylvania;449058,00
Bristol, Rhode Island;48479,00
Kent, Rhode Island;164292,00
Newport, Rhode Island;82082,00
Providence, Rhode Island;638931,00
Washington, Rhode Island;125577,00
Abbeville, South Carolina;24527,00
Aiken, South Carolina;170872,00
Allendale, South Carolina;8688,00
Anderson, South Carolina;202558,00
Bamberg, South Carolina;14066,00
Barnwell, South Carolina;20866,00
Beaufort, South Carolina;192122,00
Berkeley, South Carolina;227907,00
Calhoun, South Carolina;14553,00
Charleston, South Carolina;411406,00
Cherokee, South Carolina;57300,00
Chester, South Carolina;32244,00
Chesterfield, South Carolina;45650,00
Clarendon, South Carolina;33745,00
Colleton, South Carolina;37677,00
Darlington, South Carolina;66618,00
Dillon, South Carolina;30479,00
Dorchester, South Carolina;162809,00
Edgefield, South Carolina;27260,00
Fairfield, South Carolina;22347,00
Florence, South Carolina;138293,00
Georgetown, South Carolina;62680,00
Greenville, South Carolina;523542,00
Greenwood, South Carolina;70811,00
Hampton, South Carolina;19222,00
Horry, South Carolina;354081,00
Jasper, South Carolina;30073,00
Kershaw, South Carolina;66551,00
Lancaster, South Carolina;98012,00
Laurens, South Carolina;67493,00
Lee, South Carolina;16828,00
Lexington, South Carolina;298750,00
McCormick, South Carolina;9463,00
Marion, South Carolina;30657,00
Marlboro, South Carolina;26118,00
Newberry, South Carolina;38440,00
Oconee, South Carolina;79546,00
Orangeburg, South Carolina;86175,00
Pickens, South Carolina;126884,00
Richland, South Carolina;415759,00
Saluda, South Carolina;20473,00
Spartanburg, South Carolina;319785,00
Sumter, South Carolina;106721,00
Union, South Carolina;27316,00
Williamsburg, South Carolina;30368,00
York, South Carolina;280979,00
Aurora, South Dakota;2751,00
Beadle, South Dakota;18453,00
Bennett, South Dakota;3365,00
Bon Homme, South Dakota;6901,00
Brookings, South Dakota;35077,00
Brown, South Dakota;38839,00
Brule, South Dakota;5297,00
Buffalo, South Dakota;1962,00
Butte, South Dakota;10429,00
Campbell, South Dakota;1376,00
Charles Mix, South Dakota;9292,00
Clark, South Dakota;3736,00
Clay, South Dakota;14070,00
Codington, South Dakota;28009,00
Corson, South Dakota;4086,00
Custer, South Dakota;8972,00
Davison, South Dakota;19775,00
Day, South Dakota;5424,00
Deuel, South Dakota;4351,00
Dewey, South Dakota;5892,00
Douglas, South Dakota;2921,00
Edmunds, South Dakota;3829,00
Fall River, South Dakota;6713,00
Faulk, South Dakota;2299,00
Grant, South Dakota;7052,00
Gregory, South Dakota;4185,00
Haakon, South Dakota;1899,00
Hamlin, South Dakota;6164,00
Hand, South Dakota;3191,00
Hanson, South Dakota;3453,00
Harding, South Dakota;1298,00
Hughes, South Dakota;17526,00
Hutchinson, South Dakota;7291,00
Hyde, South Dakota;1301,00
Jackson, South Dakota;3344,00
Jerauld, South Dakota;2013,00
Jones, South Dakota;903,00
Kingsbury, South Dakota;4939,00
Lake, South Dakota;12797,00
Lawrence, South Dakota;25844,00
Lincoln, South Dakota;61128,00
Lyman, South Dakota;3781,00
McCook, South Dakota;5586,00
McPherson, South Dakota;2379,00
Marshall, South Dakota;4935,00
Meade, South Dakota;28332,00
Mellette, South Dakota;2061,00
Miner, South Dakota;2216,00
Minnehaha, South Dakota;193134,00
Moody, South Dakota;6576,00
Oglala Lakota, South Dakota;14177,00
Pennington, South Dakota;113775,00
Perkins, South Dakota;2865,00
Potter, South Dakota;2153,00
Roberts, South Dakota;10394,00
Sanborn, South Dakota;2344,00
Spink, South Dakota;6376,00
Stanley, South Dakota;3098,00
Sully, South Dakota;1391,00
Todd, South Dakota;10177,00
Tripp, South Dakota;5441,00
Turner, South Dakota;8384,00
Union, South Dakota;15932,00
Walworth, South Dakota;5435,00
Yankton, South Dakota;22814,00
Ziebach, South Dakota;2756,00
Anderson, Tennessee;76978,00
Bedford, Tennessee;49713,00
Benton, Tennessee;16160,00
Bledsoe, Tennessee;15064,00
Blount, Tennessee;133088,00
Bradley, Tennessee;108110,00
Campbell, Tennessee;39842,00
Cannon, Tennessee;14678,00
Carroll, Tennessee;27767,00
Carter, Tennessee;56391,00
Cheatham, Tennessee;40667,00
Chester, Tennessee;17297,00
Claiborne, Tennessee;31959,00
Clay, Tennessee;7615,00
Cocke, Tennessee;36004,00
Coffee, Tennessee;56520,00
Crockett, Tennessee;14230,00
Cumberland, Tennessee;60520,00
Davidson, Tennessee;694144,00
Decatur, Tennessee;11663,00
DeKalb, Tennessee;20490,00
Dickson, Tennessee;53948,00
Dyer, Tennessee;37159,00
Fayette, Tennessee;41133,00
Fentress, Tennessee;18523,00
Franklin, Tennessee;42208,00
Gibson, Tennessee;49133,00
Giles, Tennessee;29464,00
Grainger, Tennessee;23320,00
Greene, Tennessee;69069,00
Grundy, Tennessee;13427,00
Hamblen, Tennessee;64934,00
Hamilton, Tennessee;367804,00
Hancock, Tennessee;6620,00
Hardeman, Tennessee;25050,00
Hardin, Tennessee;25652,00
Hawkins, Tennessee;56786,00
Haywood, Tennessee;17304,00
Henderson, Tennessee;28117,00
Henry, Tennessee;32345,00
Hickman, Tennessee;25178,00
Houston, Tennessee;8201,00
Humphreys, Tennessee;18582,00
Jackson, Tennessee;11786,00
Jefferson, Tennessee;54495,00
Johnson, Tennessee;17788,00
Knox, Tennessee;470313,00
Lake, Tennessee;7016,00
Lauderdale, Tennessee;25633,00
Lawrence, Tennessee;44142,00
Lewis, Tennessee;12268,00
Lincoln, Tennessee;34366,00
Loudon, Tennessee;54068,00
McMinn, Tennessee;53794,00
McNairy, Tennessee;25694,00
Macon, Tennessee;24602,00
Madison, Tennessee;97984,00
Marion, Tennessee;28907,00
Marshall, Tennessee;34375,00
Maury, Tennessee;96387,00
Meigs, Tennessee;12422,00
Monroe, Tennessee;46545,00
Montgomery, Tennessee;208993,00
Moore, Tennessee;6488,00
Morgan, Tennessee;21403,00
Obion, Tennessee;30069,00
Overton, Tennessee;22241,00
Perry, Tennessee;8076,00
Pickett, Tennessee;5048,00
Polk, Tennessee;16832,00
Putnam, Tennessee;80245,00
Rhea, Tennessee;33167,00
Roane, Tennessee;53382,00
Robertson, Tennessee;71813,00
Rutherford, Tennessee;332285,00
Scott, Tennessee;22068,00
Sequatchie, Tennessee;15026,00
Sevier, Tennessee;98250,00
Shelby, Tennessee;937166,00
Smith, Tennessee;20157,00
Stewart, Tennessee;13715,00
Sullivan, Tennessee;158348,00
Sumner, Tennessee;191283,00
Tipton, Tennessee;61599,00
Trousdale, Tennessee;11284,00
Unicoi, Tennessee;17883,00
Union, Tennessee;19972,00
Van Buren, Tennessee;5872,00
Warren, Tennessee;41277,00
Washington, Tennessee;129375,00
Wayne, Tennessee;16673,00
Weakley, Tennessee;33328,00
White, Tennessee;27345,00
Williamson, Tennessee;238412,00
Wilson, Tennessee;144657,00
Anderson, Texas;57735,00
Andrews, Texas;18705,00
Angelina, Texas;86715,00
Aransas, Texas;23510,00
Archer, Texas;8553,00
Armstrong, Texas;1887,00
Atascosa, Texas;51153,00
Austin, Texas;30032,00
Bailey, Texas;7000,00
Bandera, Texas;23112,00
Bastrop, Texas;88723,00
Baylor, Texas;3509,00
Bee, Texas;32565,00
Bell, Texas;362924,00
Bexar, Texas;2003554,00
Blanco, Texas;11931,00
Borden, Texas;654,00
Bosque, Texas;18685,00
Bowie, Texas;93245,00
Brazoria, Texas;374264,00
Brazos, Texas;229211,00
Brewster, Texas;9203,00
Briscoe, Texas;1546,00
Brooks, Texas;7093,00
Brown, Texas;37864,00
Burleson, Texas;18443,00
Burnet, Texas;48155,00
Caldwell, Texas;43664,00
Calhoun, Texas;21290,00
Callahan, Texas;13943,00
Cameron, Texas;423163,00
Camp, Texas;13094,00
Carson, Texas;5926,00
Cass, Texas;30026,00
Castro, Texas;7530,00
Chambers, Texas;43837,00
Cherokee, Texas;52646,00
Childress, Texas;7306,00
Clay, Texas;10471,00
Cochran, Texas;2853,00
Coke, Texas;3387,00
Coleman, Texas;8175,00
Collin, Texas;1034730,00
Collingsworth, Texas;2920,00
Colorado, Texas;21493,00
Comal, Texas;156209,00
Comanche, Texas;13635,00
Concho, Texas;2726,00
Cooke, Texas;41257,00
Coryell, Texas;75951,00
Cottle, Texas;1398,00
Crane, Texas;4797,00
Crockett, Texas;3464,00
Crosby, Texas;5737,00
Culberson, Texas;2171,00
Dallam, Texas;7287,00
Dallas, Texas;2635516,00
Dawson, Texas;12728,00
Deaf Smith, Texas;18546,00
Delta, Texas;5331,00
Denton, Texas;887207,00
DeWitt, Texas;20160,00
Dickens, Texas;2211,00
Dimmit, Texas;10124,00
Donley, Texas;3278,00
Duval, Texas;11157,00
Eastland, Texas;18360,00
Ector, Texas;166223,00
Edwards, Texas;1932,00
Ellis, Texas;184826,00
El Paso, Texas;839238,00
Erath, Texas;42698,00
Falls, Texas;17297,00
Fannin, Texas;35514,00
Fayette, Texas;25346,00
Fisher, Texas;3830,00
Floyd, Texas;5712,00
Foard, Texas;1155,00
Fort Bend, Texas;811688,00
Franklin, Texas;10725,00
Freestone, Texas;19717,00
Frio, Texas;20306,00
Gaines, Texas;21492,00
Galveston, Texas;342139,00
Garza, Texas;6229,00
Gillespie, Texas;26988,00
Glasscock, Texas;1409,00
Goliad, Texas;7658,00
Gonzales, Texas;20837,00
Gray, Texas;21886,00
Grayson, Texas;136212,00
Gregg, Texas;123945,00
Grimes, Texas;28880,00
Guadalupe, Texas;166847,00
Hale, Texas;33406,00
Hall, Texas;2964,00
Hamilton, Texas;8461,00
Hansford, Texas;5399,00
Hardeman, Texas;3933,00
Hardin, Texas;57602,00
Harris, Texas;4713325,00
Harrison, Texas;66553,00
Hartley, Texas;5576,00
Haskell, Texas;5658,00
Hays, Texas;230191,00
Hemphill, Texas;3819,00
Henderson, Texas;82737,00
Hidalgo, Texas;868707,00
Hill, Texas;36649,00
Hockley, Texas;23021,00
Hood, Texas;61643,00
Hopkins, Texas;37084,00
Houston, Texas;22968,00
Howard, Texas;36664,00
Hudspeth, Texas;4886,00
Hunt, Texas;98594,00
Hutchinson, Texas;20938,00
Irion, Texas;1536,00
Jack, Texas;8935,00
Jackson, Texas;14760,00
Jasper, Texas;35529,00
Jeff Davis, Texas;2274,00
Jefferson, Texas;251565,00
Jim Hogg, Texas;5200,00
Jim Wells, Texas;40482,00
Johnson, Texas;175817,00
Jones, Texas;20083,00
Karnes, Texas;15601,00
Kaufman, Texas;136154,00
Kendall, Texas;47431,00
Kenedy, Texas;404,00
Kent, Texas;762,00
Kerr, Texas;52600,00
Kimble, Texas;4337,00
King, Texas;272,00
Kinney, Texas;3667,00
Kleberg, Texas;30680,00
Knox, Texas;3664,00
Lamar, Texas;49859,00
Lamb, Texas;12893,00
Lampasas, Texas;21428,00
La Salle, Texas;7520,00
Lavaca, Texas;20154,00
Lee, Texas;17239,00
Leon, Texas;17404,00
Liberty, Texas;88219,00
Limestone, Texas;23437,00
Lipscomb, Texas;3233,00
Live Oak, Texas;12207,00
Llano, Texas;21795,00
Loving, Texas;169,00
Lubbock, Texas;310569,00
Lynn, Texas;5951,00
McCulloch, Texas;7984,00
McLennan, Texas;256623,00
McMullen, Texas;743,00
Madison, Texas;14284,00
Marion, Texas;9854,00
Martin, Texas;5771,00
Mason, Texas;4274,00
Matagorda, Texas;36643,00
Maverick, Texas;58722,00
Medina, Texas;51584,00
Menard, Texas;2138,00
Midland, Texas;176832,00
Milam, Texas;24823,00
Mills, Texas;4873,00
Mitchell, Texas;8545,00
Montague, Texas;19818,00
Montgomery, Texas;607391,00
Moore, Texas;20940,00
Morris, Texas;12388,00
Motley, Texas;1200,00
Nacogdoches, Texas;65204,00
Navarro, Texas;50113,00
Newton, Texas;13595,00
Nolan, Texas;14714,00
Nueces, Texas;362294,00
Ochiltree, Texas;9836,00
Oldham, Texas;2112,00
Orange, Texas;83396,00
Palo Pinto, Texas;29189,00
Panola, Texas;23194,00
Parker, Texas;142878,00
Parmer, Texas;9605,00
Pecos, Texas;15823,00
Polk, Texas;51353,00
Potter, Texas;117415,00
Presidio, Texas;6704,00
Rains, Texas;12514,00
Randall, Texas;137713,00
Reagan, Texas;3849,00
Real, Texas;3452,00
Red River, Texas;12023,00
Reeves, Texas;15976,00
Refugio, Texas;6948,00
Roberts, Texas;854,00
Robertson, Texas;17074,00
Rockwall, Texas;104915,00
Runnels, Texas;10264,00
Rusk, Texas;54406,00
Sabine, Texas;10542,00
San Augustine, Texas;8237,00
San Jacinto, Texas;28859,00
San Patricio, Texas;66730,00
San Saba, Texas;6055,00
Schleicher, Texas;2793,00
Scurry, Texas;16703,00
Shackelford, Texas;3265,00
Shelby, Texas;25274,00
Sherman, Texas;3022,00
Smith, Texas;232751,00
Somervell, Texas;9128,00
Starr, Texas;64633,00
Stephens, Texas;9366,00
Sterling, Texas;1291,00
Stonewall, Texas;1350,00
Sutton, Texas;3776,00
Swisher, Texas;7397,00
Tarrant, Texas;2102515,00
Taylor, Texas;138034,00
Terrell, Texas;776,00
Terry, Texas;12337,00
Throckmorton, Texas;1501,00
Titus, Texas;32750,00
Tom Green, Texas;119200,00
Travis, Texas;1273954,00
Trinity, Texas;14651,00
Tyler, Texas;21672,00
Upshur, Texas;41753,00
Upton, Texas;3657,00
Uvalde, Texas;26741,00
Val Verde, Texas;49025,00
Van Zandt, Texas;56590,00
Victoria, Texas;92084,00
Walker, Texas;72971,00
Waller, Texas;55246,00
Ward, Texas;11998,00
Washington, Texas;35882,00
Webb, Texas;276652,00
Wharton, Texas;41556,00
Wheeler, Texas;5056,00
Wichita, Texas;132230,00
Wilbarger, Texas;12769,00
Willacy, Texas;21358,00
Williamson, Texas;590551,00
Wilson, Texas;51070,00
Winkler, Texas;8010,00
Wise, Texas;69984,00
Wood, Texas;45539,00
Yoakum, Texas;8713,00
Young, Texas;18010,00
Zapata, Texas;14179,00
Zavala, Texas;11840,00
Beaver, Utah;6710,00
Box Elder, Utah;56046,00
Cache, Utah;128289,00
Carbon, Utah;20463,00
Daggett, Utah;950,00
Davis, Utah;355481,00
Duchesne, Utah;19938,00
Emery, Utah;10012,00
Garfield, Utah;5051,00
Grand, Utah;9754,00
Iron, Utah;54839,00
Juab, Utah;12017,00
Kane, Utah;7886,00
Millard, Utah;13188,00
Morgan, Utah;12124,00
Piute, Utah;1479,00
Rich, Utah;2483,00
Salt Lake, Utah;1160437,00
San Juan, Utah;15308,00
Sanpete, Utah;30939,00
Sevier, Utah;21620,00
Summit, Utah;42145,00
Tooele, Utah;72259,00
Uintah, Utah;35734,00
Utah, Utah;636235,00
Wasatch, Utah;34091,00
Washington, Utah;177556,00
Wayne, Utah;2711,00
Weber, Utah;260213,00
Addison, Vermont;36777,00
Bennington, Vermont;35470,00
Caledonia, Vermont;29993,00
Chittenden, Vermont;163774,00
Essex, Vermont;6163,00
Franklin, Vermont;49402,00
Grand Isle, Vermont;7235,00
Lamoille, Vermont;25362,00
Orange, Vermont;28892,00
Orleans, Vermont;27037,00
Rutland, Vermont;58191,00
Washington, Vermont;58409,00
Windham, Vermont;42222,00
Windsor, Vermont;55062,00
Accomack, Virginia;32316,00
Albemarle, Virginia;109330,00
Alleghany, Virginia;14860,00
Amelia, Virginia;13145,00
Amherst, Virginia;31605,00
Appomattox, Virginia;15911,00
Arlington, Virginia;236842,00
Augusta, Virginia;75558,00
Bath, Virginia;4147,00
Bedford, Virginia;78997,00
Bland, Virginia;6280,00
Botetourt, Virginia;33419,00
Brunswick, Virginia;16231,00
Buchanan, Virginia;21004,00
Buckingham, Virginia;17148,00
Campbell, Virginia;54885,00
Caroline, Virginia;30725,00
Carroll, Virginia;29791,00
Charles City, Virginia;6963,00
Charlotte, Virginia;11880,00
Chesterfield, Virginia;352802,00
Clarke, Virginia;14619,00
Craig, Virginia;5131,00
Culpeper, Virginia;52605,00
Cumberland, Virginia;9932,00
Dickenson, Virginia;14318,00
Dinwiddie, Virginia;28544,00
Essex, Virginia;10953,00
Fairfax, Virginia;1147532,00
Fauquier, Virginia;71222,00
Floyd, Virginia;15749,00
Fluvanna, Virginia;27270,00
Franklin, Virginia;56042,00
Frederick, Virginia;89313,00
Giles, Virginia;16720,00
Gloucester, Virginia;37348,00
Goochland, Virginia;23753,00
Grayson, Virginia;15550,00
Greene, Virginia;19819,00
Greensville, Virginia;11336,00
Halifax, Virginia;33911,00
Hanover, Virginia;107766,00
Henrico, Virginia;330818,00
Henry, Virginia;50557,00
Highland, Virginia;2190,00
Isle of Wight, Virginia;37109,00
James City, Virginia;76523,00
King and Queen, Virginia;7025,00
King George, Virginia;26836,00
King William, Virginia;17148,00
Lancaster, Virginia;10603,00
Lee, Virginia;23423,00
Loudoun, Virginia;413538,00
Louisa, Virginia;37591,00
Lunenburg, Virginia;12196,00
Madison, Virginia;13261,00
Mathews, Virginia;8834,00
Mecklenburg, Virginia;30587,00
Middlesex, Virginia;10582,00
Montgomery, Virginia;98535,00
Nelson, Virginia;14930,00
New Kent, Virginia;23091,00
Northampton, Virginia;11710,00
Northumberland, Virginia;12095,00
Nottoway, Virginia;15232,00
Orange, Virginia;37051,00
Page, Virginia;23902,00
Patrick, Virginia;17608,00
Pittsylvania, Virginia;60354,00
Powhatan, Virginia;29652,00
Prince Edward, Virginia;22802,00
Prince George, Virginia;38353,00
Prince William, Virginia;470335,00
Pulaski, Virginia;34027,00
Rappahannock, Virginia;7370,00
Richmond, Virginia;9023,00
Roanoke, Virginia;94186,00
Rockbridge, Virginia;22573,00
Rockingham, Virginia;81948,00
Russell, Virginia;26586,00
Scott, Virginia;21566,00
Shenandoah, Virginia;43616,00
Smyth, Virginia;30104,00
Southampton, Virginia;17631,00
Spotsylvania, Virginia;136215,00
Stafford, Virginia;152882,00
Surry, Virginia;6422,00
Sussex, Virginia;11159,00
Tazewell, Virginia;40595,00
Warren, Virginia;40164,00
Washington, Virginia;53740,00
Westmoreland, Virginia;18015,00
Wise, Virginia;37383,00
Wythe, Virginia;28684,00
York, Virginia;68280,00
Alexandria city, Virginia;159428,00
Bristol city, Virginia;16762,00
Buena Vista city, Virginia;6478,00
Charlottesville city, Virginia;47266,00
Chesapeake city, Virginia;244835,00
Colonial Heights city, Virginia;17370,00
Covington city, Virginia;5538,00
Danville city, Virginia;40044,00
Emporia city, Virginia;5346,00
Fairfax city, Virginia;24019,00
Falls Church city, Virginia;14617,00
Franklin city, Virginia;7967,00
Fredericksburg city, Virginia;29036,00
Galax city, Virginia;6347,00
Hampton city, Virginia;134510,00
Harrisonburg city, Virginia;53016,00
Hopewell city, Virginia;22529,00
Lexington city, Virginia;7446,00
Lynchburg city, Virginia;82168,00
Manassas city, Virginia;41085,00
Manassas Park city, Virginia;17478,00
Martinsville city, Virginia;12554,00
Newport News city, Virginia;179225,00
Norfolk city, Virginia;242742,00
Norton city, Virginia;3981,00
Petersburg city, Virginia;31346,00
Poquoson city, Virginia;12271,00
Portsmouth city, Virginia;94398,00
Radford city, Virginia;18249,00
Richmond city, Virginia;230436,00
Roanoke city, Virginia;99143,00
Salem city, Virginia;25301,00
Staunton city, Virginia;24932,00
Suffolk city, Virginia;92108,00
Virginia Beach city, Virginia;449974,00
Waynesboro city, Virginia;22630,00
Williamsburg city, Virginia;14954,00
Winchester city, Virginia;28078,00
Adams, Washington;19983,00
Asotin, Washington;22582,00
Benton, Washington;204390,00
Chelan, Washington;77200,00
Clallam, Washington;77331,00
Clark, Washington;488241,00
Columbia, Washington;3985,00
Cowlitz, Washington;110593,00
Douglas, Washington;43429,00
Ferry, Washington;7627,00
Franklin, Washington;95222,00
Garfield, Washington;2225,00
Grant, Washington;97733,00
Grays Harbor, Washington;75061,00
Island, Washington;85141,00
Jefferson, Washington;32221,00
King, Washington;2252782,00
Kitsap, Washington;271473,00
Kittitas, Washington;47935,00
Klickitat, Washington;22425,00
Lewis, Washington;80707,00
Lincoln, Washington;10939,00
Mason, Washington;66768,00
Okanogan, Washington;42243,00
Pacific, Washington;22471,00
Pend Oreille, Washington;13724,00
Pierce, Washington;904980,00
San Juan, Washington;17582,00
Skagit, Washington;129205,00
Skamania, Washington;12083,00
Snohomish, Washington;822083,00
Spokane, Washington;522798,00
Stevens, Washington;45723,00
Thurston, Washington;290536,00
Wahkiakum, Washington;4488,00
Walla Walla, Washington;60760,00
Whatcom, Washington;229247,00
Whitman, Washington;50104,00
Yakima, Washington;250873,00
Barbour, West Virginia;16441,00
Berkeley, West Virginia;119171,00
Boone, West Virginia;21457,00
Braxton, West Virginia;13957,00
Brooke, West Virginia;21939,00
Cabell, West Virginia;91945,00
Calhoun, West Virginia;7109,00
Clay, West Virginia;8508,00
Doddridge, West Virginia;8448,00
Fayette, West Virginia;42406,00
Gilmer, West Virginia;7823,00
Grant, West Virginia;11568,00
Greenbrier, West Virginia;34662,00
Hampshire, West Virginia;23175,00
Hancock, West Virginia;28810,00
Hardy, West Virginia;13776,00
Harrison, West Virginia;67256,00
Jackson, West Virginia;28576,00
Jefferson, West Virginia;57146,00
Kanawha, West Virginia;178124,00
Lewis, West Virginia;15907,00
Lincoln, West Virginia;20409,00
Logan, West Virginia;32019,00
McDowell, West Virginia;17624,00
Marion, West Virginia;56072,00
Marshall, West Virginia;30531,00
Mason, West Virginia;26516,00
Mercer, West Virginia;58758,00
Mineral, West Virginia;26868,00
Mingo, West Virginia;23424,00
Monongalia, West Virginia;105612,00
Monroe, West Virginia;13275,00
Morgan, West Virginia;17884,00
Nicholas, West Virginia;24496,00
Ohio, West Virginia;41411,00
Pendleton, West Virginia;6969,00
Pleasants, West Virginia;7460,00
Pocahontas, West Virginia;8247,00
Preston, West Virginia;33432,00
Putnam, West Virginia;56450,00
Raleigh, West Virginia;73361,00
Randolph, West Virginia;28695,00
Ritchie, West Virginia;9554,00
Roane, West Virginia;13688,00
Summers, West Virginia;12573,00
Taylor, West Virginia;16695,00
Tucker, West Virginia;6839,00
Tyler, West Virginia;8591,00
Upshur, West Virginia;24176,00
Wayne, West Virginia;39402,00
Webster, West Virginia;8114,00
Wetzel, West Virginia;15065,00
Wirt, West Virginia;5821,00
Wood, West Virginia;83518,00
Wyoming, West Virginia;20394,00
Adams, Wisconsin;20220,00
Ashland, Wisconsin;15562,00
Barron, Wisconsin;45244,00
Bayfield, Wisconsin;15036,00
Brown, Wisconsin;264542,00
Buffalo, Wisconsin;13031,00
Burnett, Wisconsin;15414,00
Calumet, Wisconsin;50089,00
Chippewa, Wisconsin;64658,00
Clark, Wisconsin;34774,00
Columbia, Wisconsin;57532,00
Crawford, Wisconsin;16131,00
Dane, Wisconsin;546695,00
Dodge, Wisconsin;87839,00
Door, Wisconsin;27668,00
Douglas, Wisconsin;43150,00
Dunn, Wisconsin;45368,00
Eau Claire, Wisconsin;104646,00
Florence, Wisconsin;4295,00
Fond du Lac, Wisconsin;103403,00
Forest, Wisconsin;9004,00
Grant, Wisconsin;51439,00
Green, Wisconsin;36960,00
Green Lake, Wisconsin;18913,00
Iowa, Wisconsin;23678,00
Iron, Wisconsin;5687,00
Jackson, Wisconsin;20643,00
Jefferson, Wisconsin;84769,00
Juneau, Wisconsin;26687,00
Kenosha, Wisconsin;169561,00
Kewaunee, Wisconsin;20434,00
La Crosse, Wisconsin;118016,00
Lafayette, Wisconsin;16665,00
Langlade, Wisconsin;19189,00
Lincoln, Wisconsin;27593,00
Manitowoc, Wisconsin;78981,00
Marathon, Wisconsin;135692,00
Marinette, Wisconsin;40350,00
Marquette, Wisconsin;15574,00
Menominee, Wisconsin;4556,00
Milwaukee, Wisconsin;945726,00
Monroe, Wisconsin;46253,00
Oconto, Wisconsin;37930,00
Oneida, Wisconsin;35595,00
Outagamie, Wisconsin;187885,00
Ozaukee, Wisconsin;89221,00
Pepin, Wisconsin;7287,00
Pierce, Wisconsin;42754,00
Polk, Wisconsin;43783,00
Portage, Wisconsin;70772,00
Price, Wisconsin;13351,00
Racine, Wisconsin;196311,00
Richland, Wisconsin;17252,00
Rock, Wisconsin;163354,00
Rusk, Wisconsin;14178,00
St Croix, Wisconsin;90687,00
Sauk, Wisconsin;64442,00
Sawyer, Wisconsin;16558,00
Shawano, Wisconsin;40899,00
Sheboygan, Wisconsin;115340,00
Taylor, Wisconsin;20343,00
Trempealeau, Wisconsin;29649,00
Vernon, Wisconsin;30822,00
Vilas, Wisconsin;22195,00
Walworth, Wisconsin;103868,00
Washburn, Wisconsin;15720,00
Washington, Wisconsin;136034,00
Waukesha, Wisconsin;404198,00
Waupaca, Wisconsin;50990,00
Waushara, Wisconsin;24443,00
Winnebago, Wisconsin;171907,00
Wood, Wisconsin;72999,00
Albany, Wyoming;38880,00
Big Horn, Wyoming;11790,00
Campbell, Wyoming;46341,00
Carbon, Wyoming;14800,00
Converse, Wyoming;13822,00
Crook, Wyoming;7584,00
Fremont, Wyoming;39261,00
Goshen, Wyoming;13211,00
Hot Springs, Wyoming;4413,00
Johnson, Wyoming;8445,00
Laramie, Wyoming;99500,00
Lincoln, Wyoming;19830,00
Natrona, Wyoming;79858,00
Niobrara, Wyoming;2356,00
Park, Wyoming;29194,00
Platte, Wyoming;8393,00
Sheridan, Wyoming;30485,00
Sublette, Wyoming;9831,00
Sweetwater, Wyoming;42343,00
Teton, Wyoming;23464,00
Uinta, Wyoming;20226,00
Washakie, Wyoming;7805,00
Weston, Wyoming;6927,00
